药品名称,适应症,参考价
对乙酰氨基酚口服溶液,用于小儿普通感冒或流行性感冒...,￥10.5
布洛芬混悬液,用于儿童普通感冒或流行性感冒...,￥67.3
复方氯唑沙宗片,各种急性骨骼肌损伤。,￥13.1
复方对乙酰氨基酚片,用于普通感冒或流行性感冒引起...,￥12.7
复方氨酚烷胺片,用于缓解普通感冒或流行性感冒...,￥10.6
感冒清片,疏风解表，清热解毒。用于风热...,￥3.1
正骨水,活血祛瘀，舒筋活络，消肿止痛...,￥20
消痛贴膏,活血化瘀，消肿止痛。用于急慢...,￥46.3
连花清瘟胶囊,清瘟解毒，宣肺泄热。用于治疗...,￥15
感冒疏风片,辛温解表，宣肺和中。用于风寒...,￥18.2
西帕依固龈液,健齿固龈，清血止痛。用于牙周...,￥36.9
风油精,消炎、镇痛，清凉、止痒，驱风...,￥4.8
薏辛除湿止痛胶囊,散寒除湿，活血止痛。用于痹症...,￥1128.7
熊胆川贝口服液,清热化痰，止咳。用于痰热咳嗽...,￥22.5
复方感冒灵颗粒,辛凉解表，清热解毒。用于风热...,￥12
双蚁祛湿通络胶囊,补肝肾、益气血、活血通络、祛...,￥117.2
来氟米特片,(1)适用于成人类风湿关节炎，有...,￥119.3
复方醋酸甲羟孕酮胶囊,用于 40 岁以上患有更年期综合...,￥60
来氟米特片,适用于成人类风湿关节炎，有改...,￥51.7
口炎清颗粒,滋阴清热，解毒消肿。用于阴虚...,￥18.3
颈复康颗粒,活血通络，散风止痛。用于风湿...,￥25
骨刺消痛液,祛风通络，活血止痛。本品主要...,￥16.2
重感灵片,解表清热，消炎止痛。用于治疗...,￥6.5
盐酸多奈哌齐片,增进记忆，提高语言、行为能力...,￥32.8
洛索洛芬钠片,类风湿性关节炎、骨性关节炎、...,￥25.9
八宝惊风散,祛风化痰，退热镇惊。用于小儿...,￥11.5
云南白药,化瘀止血，活血止痛，解毒消肿...,￥66.7
开喉剑喷雾剂(儿童型),清热解毒，消肿止痛。用于急、...,￥24.6
脉血康胶囊,破血，逐瘀，通脉止痛。用于症...,￥27
瘀血痹片,活血化瘀，通络定痛。用于瘀血...,￥26.4
巴氯芬片,限于脊髓和大脑疾病或损伤引起...,￥43.9
三乙醇胺乳膏,放射治疗引发的继发性红斑。I...,￥222.7
对乙酰氨基酚口服混悬液,用于儿童普通感冒或流行性感冒...,￥18.2
复方氯唑沙宗片,本品适用于各种急性、慢性软组...,￥15
伤科灵喷雾剂,清热凉血，活血化瘀，消肿止痛...,￥30
壮骨药酒,祛风散寒，舒筋活络。用于风寒...,￥626.4
通络开痹片,祛风通络，活血散结。用于寒热...,￥39.7
骨痛灵酊,"温经散寒,祛风活血,通络止痛。...",
牛黄解毒片,清热解毒。用于火热内盛，咽喉...,￥6
云南白药气雾剂,活血散瘀，消肿止痛。用于跌打...,￥33.2
骨筋丸胶囊,活血化瘀，舒筋通络，祛风止痛...,￥21
甲硝唑口颊片,用于牙龈炎、牙周炎、冠周炎及...,￥14.9
黄连上清丸,散风清热，泻火止痛。用于风热...,￥10
雷公藤多苷片,祛风解毒、除湿消肿、舒筋通络...,￥23.8
消肿止痛酊,舒筋活络，消肿止痛。用于跌打...,￥26.4
养血荣筋丸,养血荣筋，祛风通络。用于跌打...,￥16.2
多磺酸粘多糖乳膏,浅表性静脉炎，静脉曲张性静脉...,￥74
复方氯唑沙宗胶囊,各种急性骨骼肌损伤。,￥8.8
对乙酰氨基酚片,用于普通感冒或流行性感冒引起...,￥5.3
苯巴比妥东莨菪碱片,用于防治乘车、船和飞机引起的...,￥9
布洛芬混悬液,本品为非甾体类抗炎药，有解热...,￥9.4
酚咖片,用于普通感冒或流行性感冒引起...,￥13.7
肝素钠乳膏,用于早期冻疮、皲裂、溃疡、湿...,￥13.8
复方七叶皂苷钠凝胶,炎症，退行性病变及创伤引致的...,￥24
对乙酰氨基酚缓释片,用于普通感冒或流行性感冒引起...,￥14.9
复方对乙酰氨基酚片(Ⅱ),用于普通感冒或流行性感冒引起...,￥10.2
云南白药膏,活血散瘀，消肿止痛，祛风除湿...,￥35
按摩软膏(按摩乳),活血化淤，和络止痛，用于运动...,￥28
根痛平颗粒,活血，通络，止痛。用于风...,￥74.5
跌打镇痛膏,活血止痛，散瘀消肿，祛风胜湿...,￥16
鸿茅药酒,祛风除湿、补气通络、舒筋活血...,￥585
丁硼乳膏,"有消炎止痛作用。用于急,慢性...",￥16.6
酚咖片,用于普通感冒或流行性感冒引起...,￥16.5
对乙酰氨基酚栓,用于儿童普通感冒或流行性感冒...,￥4.4
骨疏康颗粒,补肾益气，活血壮骨。主治肾虚...,￥62.9
云南白药气雾剂,活血散瘀，消肿止痛。用于跌打...,￥48.3
红药气雾剂,活血逐瘀、消肿止痛。用于跌打...,￥28.6
骨通贴膏,祛风散寒，活血通络，消肿止痛...,￥27.7
金乌骨通胶囊,苗医：维象样丢象，泱安档蒙，...,￥38.7
辣椒风湿膏,祛风散寒，舒筋活络，消肿止痛...,￥31
国公酒,散风祛湿，舒筋活络。用于风寒...,￥152.5
阿咖酚散,用于感冒或流感引起的发热、头...,￥11.5
盐酸氨基葡萄糖胶囊,镇痛类药品.用于缓解和预防关...,￥17.9
红药贴膏,祛瘀生新，活血止痛。用于跌打...,￥29
氯唑沙宗片,本品适用于各种急性、慢性软组...,￥4.2
牛黄上清胶囊,清热泻火，散风止痛。用于热毒...,￥20.7
除疤膏,软坚散结，活血消疤。用于因烧...,￥168.5
复方氨酚烷胺片,适用于缓解普通感冒及流行性感...,￥4
活血止痛膏,活血止痛，舒筋通络。用于筋骨...,￥26.2
千山活血膏,活血化瘀、消肿止痛、祛风除湿...,￥62
萘普生缓释胶囊,适用于缓解轻度至中度疼痛。用...,￥38.5
塞隆风湿胶囊,祛风散寒除湿，通络止痛，补益...,￥122.5
活络油,舒筋活络，祛风散瘀。用于风湿...,￥2
伤湿止痛膏,祛风湿，活血止痛，用于风湿性...,￥4
风湿液,补养肝肾，养血通络，祛风除湿...,￥50.8
清眩丸,散风清热。用于风热头晕目眩，...,￥9.1
关节止痛膏,祛风除湿，活血止痛。用于风寒...,￥9.2
活络止痛丸,活血舒筋，驱风除湿。用于风湿...,￥352
抗菌消炎胶囊,清热解表，泻火解毒。用于外感...,￥8.4
烧伤肤康液,清热解毒，收敛止痛，保护创面...,￥20
骨友灵搽剂,活血化瘀，消肿止痛。用于骨质...,￥28.5
黑骨藤追风活络胶囊,苗医：中医：祛风除湿，通络止...,￥31.6
复方氨酚烷胺胶囊,适用于缓解普通感冒及流行性感...,￥8.2
小儿氨酚黄那敏颗粒,用于缓解儿童普通感冒及流行性...,￥5
益肾补骨液,滋补肝肾，强筋壮骨。用于肝肾...,￥47.4
透骨灵橡胶膏,消肿，止痛。用于骨质增生，风...,￥87.5
布洛芬糖浆,用于感冒或流感引起的发热、头...,￥14.4
东方活血膏,祛风散寒，活血化瘀，舒筋活络...,￥26.9
玉合草含片,清热解毒，消肿止痛，生津止渴...,
双料喉风散,适应症：清热解毒，消肿利咽。...,￥11.8
舒筋风湿酒,祛风除湿，舒筋活络。用于风湿...,￥37.7
复方金银花颗粒,清热解毒，凉血消肿。用于风热...,￥10
阿咖酚胶囊,用于普通感冒或流行性感冒引起...,￥6
三黄片,清热解毒，泻火通便。用于三焦...,￥9
风湿寒痛片,祛风散寒，除湿活络，滋补肝肾...,￥245.7
对乙酰氨基酚片,适用于缓解轻至中度疼痛，如头...,
清血八味胶囊,清讧血。用于血热头痛，口渴目...,￥28.9
金骨莲片,中医：祛风除湿，消肿止痛。用...,￥35.3
关通舒胶囊,祛风除湿，散寒通络。用于风寒...,￥61.7
独圣活血片,活血化瘀，消肿止痛，理气解郁...,￥43.2
斧标正红花油,温经散寒，活血止痛。用于风湿...,￥10
金骨莲胶囊,苗医：抬奥，抬蒙：僵见风。中...,￥50.8
对乙酰氨基酚咀嚼片,用于儿童普通感冒或流行性感冒...,￥13.8
尼美舒利分散片,本品为非甾体抗炎药，仅在至少...,￥15.6
复方氨酚烷胺胶囊,适用于缓解普通感冒及流行性感...,￥25
追风透骨丸,本品祛风除湿，通经活络，散寒...,￥35
消炎镇痛膏,消炎镇痛。用于神经痛、风湿痛...,￥8.5
麝香追风膏,祛风散寒，活血止痛。用于风湿...,￥5.4
元胡止痛片,理气，活血，止痛。用于行经腹...,￥12.5
金鸡虎补丸,补气补血，舒筋活络，健肾固精...,￥15.2
吡罗昔康搽剂,用于缓解局部疼痛，如肌肉痛、...,￥16.1
铁棒锤止痛膏,祛风除湿，活血止痛。用于风寒...,￥23.5
麝香壮骨膏,镇痛，消炎。用于风湿痛，关节...,￥18
精氨酸布洛芬颗粒,治疗不同原因引起的疼痛，如肌...,￥22.5
和兴白花油,消炎止痛药。用于头晕头痛，伤...,￥26
萘普生胶囊,用于治疗风湿性和类风湿性关节...,￥3.2
独活止痛搽剂,止痛，消肿，散瘀。用于小关节...,￥14.3
复方热敷散,祛风散寒，温筋通脉，活血化瘀...,￥8
双氯芬酸钠栓,消炎镇痛类药。用于类风湿性关...,￥9.4
路盖克,可广泛用于各种疼痛：创伤性疼...,￥45
苯溴马隆片,原发性高尿酸血症，痛风性关节...,￥21
独一味胶囊,活血止痛，化瘀止血。用于多种...,￥27.2
云南白药胶囊,化瘀止血，活血止痛，解毒消肿...,￥26.4
开喉剑喷雾剂,中医：清热解毒，消肿止痛。用...,￥43.7
湿润烧伤膏,清热解毒，止痛，生肌。用于各...,￥59.3
京万红软膏,活血解毒，消肿止痛，去腐生肌...,￥29.2
双氯芬酸钠肠溶片,① 缓解类风湿关节炎、骨关节...,￥18.1
三七胶囊,散瘀止血，消肿定痛。用于外伤...,￥12.7
盐酸乙哌立松片,1.改善下列疾病的肌紧张状态：...,￥33.2
芎菊上清丸,清热解毒，散风止痛。用于外感...,￥13.8
十二味痹通搽剂,"苗医：抬奥，抬强腿。
中医：...",￥28.9
麝香祛风湿膏,祛风湿，活血，镇痛，消肿。用...,￥9.1
伤湿止痛膏,祛风湿，活血止痛，用于风湿性...,￥12.8
和兴白花油,头晕头痛、伤风鼻塞、感冒不适...,￥21
氨酚双氢可待因片,可广泛用于各种疼痛：创伤性疼...,￥43.7
壮骨麝香止痛膏,祛风湿，活血止痛。用于风湿关...,￥11.5
中华跌打丸,清肿止痛，舒筋活络，止血生肌...,￥14.9
新癀片,清热解毒，活血化瘀消肿止痛。...,￥29.3
正清风痛宁片,祛风除湿，活血通络，消肿止痛...,￥12.5
万通筋骨片,祛风散寒，通络止痛。用于痹症...,￥42
通痹胶囊,调补气血，祛风胜湿，活血通络...,￥30
汉桃叶片,祛风止痛，舒筋活络。用于三叉...,￥5.6
康复新液,通利血脉，养阴生肌。内服：用...,￥28.6
祖师麻片,祛风除湿，活血止痛。用于风湿...,￥24.5
盐酸氨基葡萄糖片,全身所有部位骨关节炎的治疗和...,￥106.8
复方南星止痛膏,散寒除湿，活血止痛。用于骨性...,￥34.8
虎力散胶囊,驱风除湿，舒筋活络，行瘀，消...,￥26.9
伸筋丹胶囊,舒筋通络，活血祛瘀，消肿止痛...,￥19
复方磺胺嘧啶锌凝胶,局部用于烧、烫伤所致的Ⅰ、Ⅱ...,￥46.5
硫酸氨基葡萄糖胶囊,原发性及继发性骨关节炎。,￥35.7
抗骨增生胶囊,补腰肾，强筋骨，活血止痛。用...,￥21.5
辣椒碱乳膏,适用于缓解由风湿病引起的肌肉...,￥23
复方独活吲哚美辛胶囊,用于：1.关节炎，可缓解疼痛和...,￥25
小金丸,散结消肿，化瘀止痛。用于痰气...,￥18.5
阿司匹林肠溶片,抑制血小板聚成，防止血栓形成...,￥9.5
安乃近片,用于高热时的解热，也可用于头...,￥27
复方夏天无片,驱风逐湿，舒筋活络，行血止痛...,￥35.3
活血止痛胶囊,活血散瘀，消肿止痛。用于跌打...,￥6.2
麝香祛痛搽剂,活血祛瘀，疏通经络，消肿止痛...,￥51.1
双氯芬酸二乙胺乳胶剂,用于缓解肌肉、软组织和关节的...,￥23
注射用骨肽,用于增生性骨关节疾病及风湿、...,￥24.8
颈腰康胶囊,舒筋活络，活血祛瘀，消肿止痛...,￥36.9
伸筋活络丸,舒筋活络、祛风除湿、温经止痛...,￥92.2
筋骨丸,舒筋活血，散瘀止痛。用于跌打...,￥398
罗浮山风湿膏药,驱风除湿，消肿止痛。用于风湿...,￥45.5
复方伤痛胶囊,活血化瘀，行气止痛。用于急性...,￥34.6
依托度酸片,用以缓解下列疾病的症状和体征...,￥18.5
对乙酰氨基酚片,用于普通感冒或流行性感冒引起...,￥15.6
对乙酰氨基酚片,必理通用于缓解轻中度疼痛，如...,￥6
布洛芬混悬液,用于感冒或流感引起的发热、头...,￥11.5
对乙酰氨基酚片,解热镇痛类药，用于发热、头痛...,￥25
散风活络丸(浓缩丸),祛风化痰，舒筋活络。用于风痰...,￥31.9
布洛芬混悬液,用于感冒或流感引起的发热、头...,￥11.8
布洛芬混悬液,用于感冒或流感引起的发热、头...,￥14
丹郁骨康丸,活血化瘀，通络止痛，补肾健骨...,
对乙酰氨基酚片,用于缓解轻至中度疼痛如头痛、...,￥4.8
双藤筋骨片,祛风除湿，散寒止痛，活血通络...,￥69
甲硝唑芬布芬胶囊,用于牙龈炎，牙周炎等疾患。对...,￥7
麝香祛痛搽剂,活血祛瘀，疏通经络，消肿止痛...,￥20.4
玉龙油,驱风袪寒，止痛消瘀。用于风湿...,￥50.2
硫酸氨基葡萄糖颗粒,原发性及继发性骨关节炎。,￥44.5
盐酸氨基葡萄糖胶囊,用于治疗和预防全身各种关节的...,
布洛芬片,本品为非甾体抗炎药。适用于 1...,￥5.2
氨糖美辛肠溶片,消炎镇痛药，临床用于强直性脊...,￥17.5
氯诺昔康片,急性轻度至中度疼痛和由某些类...,￥20.3
氨麻美敏片Ⅱ,适用于缓解普通感冒及流行性感...,
二十五味驴血丸,祛风、除湿、干黄水。用于关节...,￥42.2
痛肿灵(酊剂),祛风除湿，消肿止痛。用于风湿...,￥28.2
强力天麻杜仲胶囊,散风活血，舒筋止痛。用于中风...,￥27.6
布洛芬混悬液,用于感冒或流感引起的发热、头...,￥13.5
雷公藤多苷片,祛风解毒、除湿消肿、舒筋通络...,￥18.2
当归龙荟胶囊,清肝明目，泻火通便。用于肝胆...,￥53.3
复方骨肽注射液,用于治疗风湿、类风湿关节炎、...,￥22.5
夏天无胶囊,活血通络，行气止痛。用于淤血...,￥9
通窍救心油,芳香开窍，理气止痛。用于胸痹...,￥168
正清风痛宁注射液,祛风除湿、活血通络，消肿止痛...,￥137.1
强筋健骨片,祛风散寒，化痰通络。用于痹症...,￥29.6
活络油,祛风活络，消肿止痛。用于风湿...,￥49.8
对乙酰氨基酚滴剂,用于儿童普通感冒或流行性感冒...,￥18
茶苯海明片,用于防治晕动病，如晕车、晕船...,￥1.1
对乙酰氨基酚缓释片,适用于感冒引起的发热、头痛以...,￥7.4
苯溴马隆胶囊,单纯原发性高尿酸血症以及痛风...,￥24.5
科洛曲片,主要用于晚期癌症疼痛、手术后...,￥24.4
二十五味儿茶丸,祛风除痹，消炎止痛，干黄水。...,￥129.5
美洛昔康片,适用于类风湿性关节炎的症状治...,￥14
安乃近片,用于高热时的解热，也可用于头...,￥7
美洛昔康分散片,适用于：类风湿性关节炎、疼痛...,￥8.6
强力天麻杜仲胶囊,散风活血，舒筋止痛。用于中风...,￥14.2
通滞苏润江胶囊,开通阻滞，消肿止痛。用于关节...,￥22.3
复方骨肽注射液,用于治疗风湿、类风湿关节炎、...,￥10.6
附桂骨痛颗粒,温阳散寒，益气活血，消肿止痛...,￥50.5
烧伤止痛膏,清热解毒，消肿止痛。用于热毒...,￥14.5
痹克片,清热除湿，活血止痛。用于痹病...,￥21.5
三花接骨散,活血化瘀，消肿止痛，接骨续筋...,￥334.3
依托度酸片,（1）骨关节炎（退行性关节病...,￥29
对乙酰氨基酚干混悬剂,用于儿童普通感冒或流行性感冒...,￥29
秋水仙碱片,治疗痛风性关节炎的急性发作，...,￥30.2
精制狗皮膏,舒筋、活血、散寒、止痛。用于...,￥16.8
美洛昔康片,适用于类风湿性关节炎的症状治...,￥8
百宝丹胶囊,散瘀消肿，止血止痛，用于刀枪...,￥28.4
复方蒲芩胶囊,清热消炎。用于急、慢性支气管...,￥14
秋水仙碱片,治疗痛风性关节炎的急性发作，...,￥24.9
安乃近片,用于高热时的解热，也可用于头...,￥52.7
去痛片,本品用于感冒引起的发热、关节...,￥51.5
一清颗粒,清热泻火解毒。用于火毒血热所...,￥13
安阳精制膏,消积化块，逐瘀止痛，舒筋活血...,￥49.2
对乙酰氨基酚片,解热镇痛类药，用于发热、头痛...,￥1.9
壮骨麝香止痛膏,祛风湿，活血止痛。用于风湿关...,￥3.5
山海丹片,活血通络。用于心脉瘀阻，胸痹,￥26.5
跌打生骨片,活血祛瘀、消肿止痛、强筋健骨...,￥36.6
盐酸苯环壬酯片,本品用于预防晕车、晕船及晕机...,￥15.9
布洛芬缓释片,用于减轻中度疼痛，如关节痛、...,￥10.5
对乙酰氨基酚混悬滴剂,用于儿童普通感冒或流行性感冒...,￥15.8
布洛芬缓释片,本品系非甾体抗炎药。适用于①...,￥12.6
对乙酰氨基酚泡腾片,用于普通感冒或流行性感冒引起...,￥29.8
阿司匹林泡腾片,该药品能抑制前列腺素合成，具...,￥11
氨咖黄敏胶囊,适用于缓解普通感冒及流行性感...,￥3.8
茶苯海明片,用于防治晕动病，如晕车、晕船...,￥1.5
氨麻美敏片,用于普通感冒或流行性感冒引起...,￥10.5
烧烫伤膏,清热解毒，消肿止痛。用于轻度...,￥22.4
对乙酰氨基酚滴剂（百服咛）,用于儿童普通感冒或流行性感冒...,￥13.5
对乙酰氨基酚片,用于普通感冒或流行性感冒引起...,￥9.4
桂附地黄丸,温补肾阳。用于肾阳不足，腰膝...,￥22.4
布洛芬缓释片,用于缓解轻至中度疼痛如头痛、...,￥13.1
布洛芬颗粒,用于减轻中度疼痛，如关节痛、...,￥8
感冒清热颗粒,疏风散寒，解表清热。用于风寒...,￥19.9
氨酚曲麻片,用于感冒引起的各种症状：发热...,
贝敏伪麻片,用于感冒引起的发热，头疼，关...,￥16.7
布洛芬乳膏,用于缓解局部软组织疼痛，如肌...,￥15.8
布洛芬缓释胶囊,本品系非甾体抗炎药。适用于①...,￥40
对乙酰氨基酚口服混悬液,用于儿童普通感冒或流行性感冒...,￥18.7
麝香追风膏,祛风散寒，活血止痛。用于风湿...,￥59.5
正红花油,适应症：本品祛风止痛。可用于...,￥6.4
沈阳红药,活血止痛，祛瘀生新。用于跌打...,￥8
红花油,属驱风外用药，用于风湿骨痛，...,￥2.2
跌打丸,活血散瘀，消肿止痛。用于跌打...,￥6.7
跌打万花油,消肿散瘀，舒筋活络止痛。用于...,￥8
口腔溃疡散,消溃止痛。用于复以性口腔溃疡...,￥11.6
齿痛消炎灵颗粒,疏风清热，凉血止痛。用于脾胃...,￥16.4
齿痛消炎灵颗粒,疏风清热，凉血止痛。用于脾胃...,￥19
狗皮膏,祛风散寒，活血止痛。用于风寒...,￥145
丁细牙痛胶囊,清热解毒，疏风止痛。用于风火...,￥18.2
正红花油,适应症：本品祛风止痛。可用于...,￥11.4
雪山金罗汉止痛涂膜剂,活血，消肿，止痛。用于急慢性...,￥137.5
三七片,用于外伤出血，跌扑肿痛。,￥20.9
通络祛痛膏,活血通络，散寒除湿、消肿止痛...,￥23.6
阿咖酚散,用于感冒或流感引起的发热、头...,￥1
复方金银花颗粒,清热解毒，凉血消肿。用于风热...,￥6.8
参附注射液,回阳救逆，益气固脱。主要用于...,￥66.5
地喹氯铵含片,用于急、慢性咽喉炎，口腔黏膜...,￥17.2
双虎肿痛宁喷雾剂,化瘀行气，消肿止痛，舒筋活络...,￥31.8
对乙酰氨基酚片,解热镇痛类药，用于发热、头痛...,￥5
酚咖麻敏胶囊,缓解感冒或流行性感冒引起的发...,￥31.6
林可霉素利多卡因凝胶,用于轻度烧伤、创伤及蚊虫叮咬...,￥0.9
对乙酰氨基酚栓,用于儿童普通感冒或流行性感冒...,￥2.5
复方氨酚烷胺片,适用于缓解普通感冒及流行性感...,￥4.8
牙痛药水,止痛杀菌，防蛀。用于风火牙痛...,￥5.1
黄道益,舒筋活络、祛风散瘀，肌肉酸痛...,￥55
布洛伪麻片,用于缓解由感冒或过敏性鼻炎引...,￥11.2
对乙酰氨基酚颗粒,用于儿童普通感冒或流行性感冒...,￥5.9
去痛片,本品用于感冒引起的发热、关节...,￥4.4
附桂骨痛胶囊,用于阳虚寒湿型颈椎及膝关节增...,￥25.6
天和追风膏,温经通络，袪风除湿，活血止痛...,￥17.2
根痛平片,活血、通络、止痛。用于风寒阻...,￥8
祖师麻注射液,祛风除湿，活血止痛。用于肢体...,￥32
阿司匹林泡腾片,用于普通感冒或流行性感冒引起...,￥5.8
萘丁美酮片,类风湿性关节炎、骨关节炎。,￥28.6
双氯芬酸钠气雾剂,用于缓解肌肉、软组织和关节的...,￥16.7
对乙酰氨基酚片,用于儿童普通感冒或流行性感冒...,￥2.6
壮骨麝香止痛膏,祛风湿，活血止痛。用于风湿关...,￥18.9
复方氨酚烷胺片,适用于缓解普通感冒及流行性感...,￥3
扎冲十三味丸,祛风通窍，舒筋活血，镇静安神...,￥32.6
消炎镇痛膏,消炎镇痛。用于神经痛、风湿痛...,￥12
牛黄化毒片,解毒消肿，散结止痛。用于疮疡...,￥22.6
盐酸苯海拉明片,主要用于皮肤粘膜的过敏，如荨...,￥3.8
复方对乙酰氨基酚片,解热镇痛类药，用于发热、头痛...,￥12
对乙酰氨基酚栓,用于普通感冒或流行性感冒引起...,￥1.3
萘丁美酮片,类风湿性关节炎、骨关节炎。,
对乙酰氨基酚颗粒,解热镇痛类药，用于发热，头痛...,￥10
萘丁美酮片,类风湿性关节炎、骨关节炎。,
伤湿止痛膏,祛风湿，活血止痛，用于风湿性...,
萘普生肠溶微丸胶囊,用于缓解轻度至中度疼痛，如关...,￥25
五味麝香丸,消炎，止痛，祛风。用于扁桃体...,￥14.2
伤科跌打片,活血散瘀，消肿止痛。用于跌打...,￥4.4
玄七通痹胶囊,滋补肝肾，活血化瘀，消肿止痛...,￥46.5
汉桃叶片,祛风止痛，舒筋活络。用于三叉...,￥12
骨筋丸胶囊,活血化瘀，舒筋通络，祛风止痛...,￥17.9
复方三七胶囊,化瘀止血，消肿止痛。用于跌打...,￥15.5
盐酸氨基葡萄糖胶囊,用于治疗和预防全身各种关节的...,￥44.8
那如三味丸,消“粘”，除“协日乌素”，祛...,￥15.8
阿咖酚散,用于感冒或流感引起的发热、头...,￥6.1
双氯芬酸钾片,本品适用于下列急性疼痛的短期...,￥35.2
双氯芬酸钠乳膏,用于缓解局部轻至中度疼痛，如...,￥13
氨酚伪麻那敏分散片(Ⅲ),适用于缓解儿童普通感冒及流行...,￥13.8
复方金银花颗粒,清热解毒，凉血消肿。用于风热...,￥16.8
肾骨胶囊,促进骨质形成，维持神经传导。...,￥27
麝香风湿片,祛风除湿，活络镇痛。用于风湿...,￥35.1
麝香壮骨膏,镇痛，消炎。用于风湿痛，关节...,￥13
清凉油,驱风镇痛，消炎止痒，清凉。主...,￥15.5
活络油,舒筋活络、祛风散瘀，肌肉酸痛...,￥48
对乙酰氨基酚滴剂,用于儿童普通感冒或流行性感冒...,￥9.3
对乙酰氨基酚片,用于小孩普通感冒或流行性感冒...,￥1.1
复方对乙酰氨基酚片,用于普通感冒或流行性感冒引起...,￥3.9
桂龙药膏,祛风除湿，舒筋活络，温肾补血...,￥395
复方滇鸡血藤膏,活血养血，益肾。用于瘀血阻络...,￥145
复方感冒灵片,辛凉解表，清热解毒。用于风热...,￥7.9
布洛芬混悬液,用于感冒或流感引起的发热、头...,
复方水杨酸甲酯乳膏,本品用于局部软组织炎症或损失...,￥23
云香祛风止痛酊(云香精),祛风除湿，活血止痛。用于风湿...,￥20.8
愈伤灵胶囊,活血散瘀，消肿止痛。用于跌打...,￥20.9
活血止痛散,活血散瘀，消肿止痛。用于跌打...,￥17.8
代温灸膏,温通经脉，散寒镇痛。用于风寒...,￥25.4
布洛伪麻分散片,用于缓解普通感冒、流行性感冒...,￥10.4
钻山风合剂,祛风除湿，散瘀镇痛，舒筋活络...,￥78
腰肾膏,温肾助阳，强筋壮骨，祛风止痛...,￥21.7
茶苯海明片,防治晕动病，适用于防治晕动时...,￥27.6
金栀洁龈含漱液,清热解毒，消肿止痛。适用于缓...,￥20
麝香壮骨膏,镇痛，消炎。用于风湿痛，关节...,￥24.8
去痛片,本品用于感冒引起的发热、关节...,￥11.4
长春红药片,活血化瘀，消肿止痛。用于跌打...,￥28.1
温经止痛膏,暂无数据,￥41
对乙酰氨基酚滴剂,用于儿童普通感冒或流行性感冒...,￥16.6
复方愈创蓝油烃软膏,用于烫伤、灼伤、皲裂、冻疮、...,￥7.8
双氯芬酸钠凝胶,用于缓解肌肉、软组织和关节的...,￥11.6
酚咖片,适用于普通感冒或流行性感冒引...,￥8
新清宁片,清热解毒，泻火通便。用于内结...,￥10
复方氨酚肾素片,有效迅速消除伤风感冒或枯草热...,￥19.3
舒筋活络丸,驱风祛湿，舒筋活络。用于一般...,￥8.7
龋齿宁含片,苗医：蒙岗比，勒嘎里品，木嘎...,￥15
桂附地黄丸,温补肾阳。用于肾阳不足，腰膝...,￥20.4
阿司匹林片,1．镇痛、解热：缓解轻度或中...,
对乙酰氨基酚片,用于普通感冒或流行性感冒引起...,￥19.8
三七伤药片,舒筋活血，散瘀止痛。用于跌打...,￥9.8
对乙酰氨基酚栓,用于普通感冒或流行性感冒引起...,￥1.7
复方金银花颗粒,清热解毒，凉血消肿。用于风热...,￥8.5
清火栀麦片,清热解毒，凉血消肿。用于肺胃...,￥1.8
麝香追风止痛膏,祛风除湿，散寒止痛。用于寒湿...,￥12
大风丸,舒筋活血，补虚祛风。用于腰腿...,￥40
茶苯海明含片,用于防治晕动病，如晕车、晕船...,￥10.4
对乙酰氨基酚分散片,用于儿童普通感冒或流行性感冒...,￥21.9
对乙酰氨基酚颗粒,解热镇痛类药，用于发热、头痛...,￥5.9
复方水杨酸甲酯乳膏,本品用于局部软组织炎症或损失...,￥23
布洛芬糖浆,用于缓解轻至中度疼痛如头痛、...,￥13.8
无敌止痛搽剂,消肿止痛，活血化瘀。用于急、...,￥158
咽炎清片,清热解毒，消肿止痛，用于喉痹...,￥17.4
紫花烧伤软膏(紫花烧伤膏),清热凉血，化瘀解毒，止痛生肌...,￥22.5
贝诺酯片,用于发热、头痛、神经痛、牙痛...,￥10.5
复方牙痛酊,苗医：蒙岗比、勒勒果里品。中...,￥16
清肺抑火片,清肺止嗽，降火生津。用于肺热...,￥5
双氯芬酸钠凝胶,用于缓解肌肉、软组织和关节的...,￥14.2
复方骨肽注射液,适用于促进骨折愈合。,￥10.4
葡萄糖酸氯己定软膏,用于轻度小面积烧伤、烫伤、外...,￥19.5
复方氨酚烷胺片,适用于缓解普通感冒及流行性感...,￥4.5
氨酚烷胺那敏胶囊,本品的成分有乙酰氨基酚、盐酸...,￥7
氨麻美敏片(Ⅲ),适用于缓解普通感冒及流行性感...,
对乙酰氨基酚分散片,"适用于感冒引起的发热,头痛及...",
特制狗皮膏,祛风散寒，舒筋活血，和络止痛...,￥18
麝香壮骨膏,镇痛，消炎。用于风湿痛，关节...,￥18
沈阳红药胶囊,活血止痛，去瘀生新。用于跌打...,￥24.6
齿痛消炎灵颗粒,疏风清热，凉血止痛。用于脾胃...,￥14.2
伤湿止痛膏,祛风湿，活血止痛，用于风湿性...,￥22.8
冻疮膏,用于冻疮。,￥12.8
齿痛消炎灵颗粒,疏风清热，凉血止痛。用于脾胃...,
水杨酸苯甲酸松油搽剂,用于足癣。,￥5.2
云南白药酊,活血散瘀，消肿止痛。用于跌打...,￥40.8
氨咖麻敏胶囊,用于解除或减轻由感冒引起的发...,￥7.6
小儿氨酚黄那敏颗粒,用于缓解儿童普通感冒及流行性...,￥17.6
关节止痛膏,祛风除湿，活血止痛。用于风寒...,￥18
麝香海马追风膏,驱风散寒，活血止痛。用于风寒...,￥73.4
小儿布洛伪麻分散片,暂时缓解儿童的感冒、鼻窦和流...,
布洛芬干混悬剂,用于缓解轻至中度疼痛如头痛、...,￥8.5
布洛芬泡腾片,用于减轻轻度至中度疼痛，如关...,
萘普生钠片,于缓解轻至中度疼痛，如关节痛...,￥15
对乙酰氨基酚,解热镇痛类药，用于发热、头痛...,
风油精,消炎、镇痛，清凉、止痒，驱风...,
伤痛宁膏,活血散瘀，消肿止痛。用于关节...,￥15.5
根痛平片,活血、通络、止痛。用于风寒阻...,￥17.1
天麻胶囊,祛风除湿，舒筋通络，活血止痛...,￥19.4
感冒清热胶囊,疏风散寒，解表清热。用于风寒...,￥12.8
元胡止痛片,理气，活血，止痛。用于行经腹...,￥5
烧烫伤膏,清热解毒，消肿止痛。用于轻度...,￥20.2
桂附地黄丸,温补肾阳。用于肾阳不足，腰膝...,￥30.2
黄连上清片,清热通便，散风止痛。用于内热...,￥5
茶苯海明片,防治晕动病，适用于防治晕动时...,￥2.6
对乙酰氨基酚片,解热镇痛类药，用于发热、头痛...,￥12.5
人参天麻药酒,益气活血，舒筋止痛。用于各种...,
双氯芬酸钠缓释胶囊,"用于：
① 缓解类风湿关节炎、...",￥18.5
布洛芬缓释片,用于减轻中度疼痛，如关节痛、...,
麝香壮骨膏,镇痛，消炎。用于风湿痛，关节...,￥5.7
三七片,用于外伤出血，跌扑肿痛。,￥8
创灼膏,拔毒生肌。用于轻度水火烫伤，...,￥15.5
一清颗粒,清热泻火解毒。用于火毒血热所...,￥12.9
萘丁美酮片,类风湿性关节炎、骨关节炎。,
丁硼乳膏,有消炎止痛作用。适用于急慢性...,￥21.4
创灼膏,拔毒生肌。用于轻度水火烫伤，...,￥24
麝香追风膏,祛风散寒，活血止痛。用于风湿...,￥8
阿咖酚散,用于感冒或流感引起的发热、头...,￥0.2
双氯芬酸钾片,本品适用于下列急性疼痛的短期...,￥5.6
氨金黄敏颗粒,用于缓解普通感冒或流行性感冒...,￥5.2
葡萄糖酸氯己定软膏,用于轻度小面积烧伤、烫伤、外...,￥16.5
复方金银花颗粒,清热解毒，凉血消肿。用于风热...,
复方氨酚烷胺胶囊,适用于缓解普通感冒及流行性感...,￥13
贝诺酯片,用于发热、头痛、神经痛、牙痛...,￥3.8
布洛伪麻分散片,用于缓解普通感冒、流行性感冒...,
三七片,用于外伤出血，跌扑肿痛。,
关节止痛膏,祛风除湿，活血止痛。用于风寒...,￥18.8
颈痛灵药酒,滋补肝肾，活络止痛。用于各种...,￥34.2
精制银翘解毒片,清热散风，解表退烧。用于流行...,￥13
感冒水,散风解热。用于外感风寒引起的...,￥12.4
萘普生缓释片,用于缓解轻至中度疼痛，如关节...,￥16
红药片,活血止痛，去瘀生新，用于跌打...,￥12
萘丁美酮片,类风湿性关节炎、骨关节炎。,
正红花油,适应症：本品祛风止痛。可用于...,￥8
风湿液,补养肝肾，养血通络，祛风除湿...,￥38
双氯芬酸钾片,本品适用于下列急性疼痛的短期...,￥4
风湿止痛丸,祛风除湿，活血止痛。用于四肢...,
独活寄生合剂,养血舒筋，祛风除湿。用于风寒...,￥19
雪域牌雪域骨宝胶囊,增加骨密度,￥258
樟脑醑,用于瘙痒性皮肤病，纤维组织炎...,
萘普生缓释片,适用于缓解轻度至中度疼痛。用...,
双氯芬酸钾凝胶,用于各种急性骨骼肌损伤的急慢...,￥18
上清丸,清热散风，解毒，通便。用于头...,
根痛平片,活血、通络、止痛。用于风寒阻...,￥8
清胃黄连片,清胃泻火，解毒消肿。用于口舌...,￥7.8
精制银翘解毒片,清热散风，解表退烧。用于流行...,￥6.3
葡萄糖酸氯己定软膏,用于轻度小面积烧伤、烫伤、外...,￥15
双氯芬酸钠凝胶,用于缓解局部轻至中度疼痛，如...,￥22
关节止痛膏,祛风除湿，活血止痛。用于风寒...,￥2
布洛伪麻分散片,用于缓解普通感冒、流行性感冒...,￥12
塞隆风湿酒,祛风散寒除湿，通络止痛，补益...,￥129.2
双氯芬酸钠凝胶,用于缓解肌肉、软组织和关节的...,
对乙酰氨基酚片,用于普通感冒或流行性感冒引起...,￥8
小儿氨酚黄那敏颗粒,适用于缓解儿童普通感冒及流行...,￥6.8
颈通颗粒,补益气血，活血化瘀，散风利湿...,
萘普生胶囊,用于治疗风湿性和类风湿性关节...,￥3.3
阿司匹林散,小儿感冒或流行性感冒引起的发...,
布洛芬片,用于缓解轻至中度疼痛如头痛、...,￥4.8
对乙酰氨基酚片,用于普通感冒或流行性感冒引起...,￥23.4
布洛伪麻片,用于感冒，急性鼻炎，急性鼻窦...,
复方氢溴酸东莨菪碱贴膏,用于防治乘车、船和飞机引起的...,￥12.5
双氯芬酸钾片,本品适用于下列急性疼痛的短期...,￥10.4
克伤痛搽剂,活血化瘀，消肿止痛。用于急性...,￥8.3
烧伤净喷雾剂,解毒止痛，利湿消肿。用于轻度...,￥44
麝香镇痛膏,散寒，活血，镇痛。用于风湿性...,￥5.5
蜂胶牙痛酊,止痛、止血。用于牙周炎症的辅...,￥15
对乙酰氨基酚栓,用于儿童普通感冒或流行性感冒...,￥3.3
伤湿止痛膏,祛风湿，活血止痛，用于风湿性...,￥28.5
舒筋活络酒,祛风除湿，活血通络，养阴生津...,￥24.5
愈伤灵胶囊,活血散瘀，消肿止痛。用于跌打...,￥27.8
对乙酰氨基酚片,用于普通感冒或流行性感冒引起...,￥6.5
贝诺酯分散片,用于普通感冒或流行性感冒引起...,￥10
萘普生胶囊,用于治疗风湿性和类风湿性关节...,
阿司匹林维生素C咀嚼片,用于感冒或流感引起的发热、头...,￥19
萘普生钠片,用于缓解轻至中度疼痛，如关节...,￥10
红药片,活血止痛，去瘀生新，用于跌打...,
复方金银花颗粒,清热解毒，凉血消肿。用于风热...,￥9.2
桂附地黄丸(浓缩丸),温补肾阳。用于肾阳不足，腰膝...,￥17
西地碘含片,用于慢性咽喉炎、口腔溃疡、慢...,￥4.6
解痉镇痛酊,活血通经、止痛。用于治疗软组...,￥8.9
神农镇痛膏,活血散瘀，消肿止痛。用于跌打...,￥64.5
天麻祛风补片,温肾养肝，除湿止痛。用于肝肾...,￥44
三黄片,清热解毒，泻火通便。用于三焦...,￥3.7
桂附地黄丸,温补肾阳。用于肾阳不足，腰膝...,￥4.5
消炎镇痛膏,消炎镇痛。用于神经痛、风湿痛...,￥7.4
风痛灵小盒,活血散瘀，消肿止痛。用于扭挫...,￥18.5
复方氯唑沙宗片,本品适用于各种急性、慢性软组...,￥13
复方阿司匹林双层片,用于普通感冒或流行性感冒引起...,￥30.8
贝诺酯颗粒,用于急慢性风湿性关节炎、类风...,￥9.4
尼美舒利颗粒,1.本品为非甾体抗炎药，具有抗...,￥9.8
创伤止痛乳膏,舒筋活血，消肿止痛。用于跌打...,
清火片,清热泻火，通便。用于咽喉肿痛...,￥15
天麻片,祛风除湿，舒筋通络，活血止痛...,
复方金银花颗粒,清热解毒，凉血消肿。用于风热...,￥9.4
解痉镇痛酊,活血通经、止痛。用于治疗软组...,￥3.8
驱风油,活血止痛。用于关节痛。,￥19.5
消炎镇痛膏,消炎镇痛。用于神经痛、风湿痛...,￥11.2
麝香跌打风湿膏,祛风除湿，化瘀止痛。用于风湿...,￥12.5
双氯芬酸钠肠溶片,用于：①缓解类风湿关节炎、骨...,￥22.2
对乙酰氨基酚片,解热镇痛类药，用于发热、头痛...,
复方金银花颗粒,清热解毒，凉血消肿。用于风热...,￥14.2
伤湿止痛膏,祛风湿，活血止痛，用于风湿性...,￥15.2
消炎镇痛膏,消炎镇痛。用于神经痛、风湿痛...,￥18.2
贝诺酯片,用于发热、头痛、神经痛、牙痛...,￥15
氯唑沙宗胶囊,本品适用于各种急性、慢性软组...,￥13
双氯芬酸钠肠溶缓释胶囊,用于：1.缓解类风湿关节炎、骨...,￥11.9
双氯芬酸钾片,本品适用于下列急性疼痛的短期...,￥20.5
消炎镇痛膏,消炎镇痛。用于神经痛、风湿痛...,￥10
伤痛克酊,中医：消肿止痛，收敛止血。用...,￥35
元胡止痛片,理气，活血，止痛。用于行经腹...,￥2.2
黄连上清片,清热通便，散风止痛。用于内热...,￥6
清肺抑火片,清肺止嗽，降火生津。用于肺热...,￥7.5
骨肽注射液,适用于促进骨折愈合。,￥17.9
骨肽注射液,适用于促进骨折愈合。,￥79
清胃黄连丸,清胃泻火，解毒消肿。用于肺胃...,￥18.8
麝香镇痛膏,散寒，活血，镇痛。用于风湿性...,￥13
麝香活血化瘀膏,活血化瘀，消炎止痛。用于关节...,￥125
活血止痛片,活血散瘀，消肿止痛。用于跌打...,￥17.2
小儿氨酚黄那敏颗粒,适用于缓解儿童普通感冒及流行...,￥18
氨酚伪麻那敏胶囊,用于感冒引起的各种症状：发热...,
萘普生钠胶囊,用于治疗风湿性和类风湿性关节...,
新清宁片,清热解毒，泻火通便。用于内结...,￥26
清火栀麦片,清热解毒，凉血消肿。用于肺胃...,￥1
驱风油,活血止痛。用于关节痛。,￥7.1
麝香镇痛膏,散寒，活血，镇痛。用于风湿性...,￥10.8
清火片,清热泻火，通便。用于咽喉肿痛...,￥11.9
上清片,清热散风，解毒通便。用于风热...,￥15
桂附地黄丸,温补肾阳。用于肾阳不足，腰膝...,￥8.4
骨肽注射液,适用于促进骨折愈合。,￥9.8
筋骨伤喷雾剂,活血化瘀，消肿止痛。用于软组...,￥49
麝香舒活灵,活血化瘀，消肿止痛，舒筋活络...,￥12
聚维酮碘溶液,用于化脓性皮炎、皮肤真菌感染...,￥15.8
云南白药气雾剂,活血散瘀，消肿止痛。用于跌打...,
复方氨酚烷胺片,适用于缓解普通感冒及流行性感...,￥12
金花跌打酊,暂无数据,￥29
双氯芬酸钠凝胶,用于缓解肌肉、软组织和关节的...,￥17.9
阿司匹林散,小儿感冒或流行性感冒引起的发...,
林可霉素利多卡因凝胶,用于轻度烧伤、创伤及蚊虫叮咬...,￥2.4
卡巴匹林钙颗粒,疼痛和发热性疾病的对症治a用...,￥22.9
祖师麻关节止痛膏,祛风除湿，活血止痛。用于风寒...,￥4.6
白花油,疏风止痒，理气止痛，消疲提神...,￥5
贝诺酯片,用于发热、头痛、神经痛、牙痛...,￥13
红药片,活血止痛，去瘀生新，用于跌打...,￥9.2
清开灵胶囊,清热解毒，镇静安神。用于外感...,￥7
麝香镇痛膏,散寒，活血，镇痛。用于风湿性...,￥18
双氯芬酸钠凝胶,用于缓解肌肉、软组织和关节的...,￥12.2
骨肽注射液,适用于促进骨折愈合。,
坤宝丸,滋补肝肾，镇静安神，养血通络...,￥8.3
萘普生片,用于治疗风湿性和类风湿性关节...,￥4.8
骨友灵巴布膏,活血化瘀，消肿止痛。用于软组...,￥18
双氯芬酸钾凝胶,用于各种急性骨骼肌损伤的急慢...,￥8
盐酸苯海拉明片,用于皮肤黏膜的过敏，如荨麻疹...,
苯佐卡因,用于创面、溃疡面及痔疮的镇痛...,
对乙酰氨基酚糖浆,用于普通感冒或流行性感冒引起...,￥12
酮洛芬凝胶,用于各种关节炎及软组织疾病所...,￥47.5
复方氨酚烷胺片,用于缓解普通感冒或流行性感冒...,
关节止痛膏,本品活血散瘀，温经镇痛。用于...,￥28
抗菌消炎片,清热，泻火，解毒。用于风热感...,￥9
清火栀麦片,清热解毒，凉血消肿。用于肺胃...,￥9
天麻片,祛风除湿，舒筋通络，活血止痛...,￥10
元胡止痛片,理气，活血，止痛。用于行经腹...,￥5
三黄片,清热解毒，泻火通便。用于三焦...,￥4
清火片,清热泻火，通便。用于咽喉肿痛...,￥5.4
伤湿止痛膏,祛风湿，活血止痛，用于风湿性...,￥3.6
清火片,清热泻火，通便。用于咽喉肿痛...,￥13.5
双料喉风含片,清热解毒，消肿利咽。用于肺胃...,￥5.5
木瓜酒,1.脚气。男女干湿脚气，腿脚沉...,
阿司匹林片,用于普通感冒或流行性感冒引起...,
布洛芬糖浆,用于缓解感冒或流感引起的发热...,
跌打活血散,舒筋活血，散瘀止痛。用于跌打...,
三七胶囊,散瘀止血，消肿定痛。用于外伤...,
阿咖酚散,用于感冒或流感引起的发热、头...,￥5
清火栀麦片,清热解毒，凉血消肿。用于肺胃...,￥8
狗皮膏,祛风散寒，活血止痛。用于风寒...,
上清片,清热散风，解毒通便。用于风热...,￥45.7
麝香壮骨膏,镇痛，消炎。用于风湿痛，关节...,￥7.8
麝香壮骨膏,镇痛，消炎。用于风湿痛，关节...,￥3.7
复方对乙酰氨基酚片,用于普通感冒或流行性感冒引起...,￥5
消肿镇痛膏,理气活血，消肿止痛。主治跌打...,￥45
舒筋定痛片,活血散瘀，消肿止痛。用于跌打...,￥10
烧伤肤康液,清热解毒，收敛止痛，保护创面...,￥16.5
伤湿止痛膏,祛风湿，活血止痛，用于风湿性...,￥5.8
麝香镇痛膏,散寒，活血，镇痛。用于风湿性...,￥11.5
辣椒颠茄贴膏,用于关节疼痛、骨骼肌疼痛以及...,￥12.5
清火栀麦片,清热解毒，凉血消肿。用于肺胃...,￥2.8
麝香壮骨膏,镇痛，消炎。用于风湿痛，关节...,￥12.7
复方牛黄清胃丸,清热通便。用于胃肠实热引起：...,
贝诺酯片,用于发热、头痛、神经痛、牙痛...,
清火栀麦片,清热解毒，凉血消肿。用于肺胃...,￥2.9
麝香祛风湿膏,祛风湿，活血，镇痛，消肿。用...,￥10.8
麝香追风膏,祛风散寒，活血止痛。用于风湿...,￥128
清火片,清热泻火，通便。用于咽喉肿痛...,￥7.5
对乙酰氨基酚口服溶液,用于普通感冒或流行性感冒引起...,￥8
对乙酰氨基酚栓,用于普通感冒或流行性感冒引起...,￥2.2
复方氨酚烷胺片,适用于缓解普通感冒及流行性感...,￥8
萘普生片,用于治疗风湿性和类风湿性关节...,￥4.6
麝香祛风湿膏,祛风湿，活血，镇痛，消肿。用...,￥14
牛黄上清丸,清热泻火，散风止痛。用于头痛...,￥11.2
活络止痛丸,活血舒筋，驱风除湿。用于风湿...,￥35
对乙酰氨基酚溶液,用于儿童普通感冒或流行性感冒...,
双氯芬酸钾片,本品适用于下列急性疼痛的短期...,
酮洛芬胶囊,用于缓解轻至中度疼痛，如关节...,￥4.7
白花油,疏风止痒，理气止痛，消疲提神...,￥9.5
辣椒风湿膏,祛风散寒，舒筋活络，消肿止痛...,￥12.5
伤痛宁膏,活血散瘀，消肿止痛。用于关节...,￥8.5
麝香祛风湿油,驱风活血、镇痛消肿。用于风湿...,￥7.5
竭红跌打酊,散瘀消肿，活络止痛。用于跌伤...,￥25.8
清火片,清热泻火，通便。用于咽喉肿痛...,￥2.7
一清颗粒,清热泻火解毒。用于火毒血热所...,￥15.5
双氯芬酸钠凝胶,用于缓解肌肉、软组织和关节的...,￥11
对乙酰氨基酚片,解热镇痛类药，用于发热、头痛...,
红药片,活血止痛，去瘀生新，用于跌打...,￥36.8
天麻胶囊,祛风除湿，舒筋通络，活血止痛...,￥6.9
外伤如意膏,清热解毒，凉血散瘀，消肿止痛...,￥9.5
麝香壮骨膏,镇痛，消炎。用于风湿痛，关节...,￥7.5
萘普生钠胶囊,用于治疗风湿性和类风湿性关节...,
阿司匹林维C肠溶片,用于普通感冒或流行性感冒引起...,
关节止痛膏,祛风除湿，活血止痛。用于风寒...,￥11.4
消炎镇痛膏,消炎镇痛。用于神经痛、风湿痛...,￥7.6
双氯芬酸钾片,1．有胃肠道疾病、胃肠道溃疡...,￥6.5
清火栀麦片,清热解毒，凉血消肿。用于肺胃...,
天麻片,祛风除湿，舒筋通络，活血止痛...,￥11
双氯芬酸钠凝胶,用于缓解肌肉、软组织和关节的...,￥12
元胡止痛片,理气，活血，止痛。用于行经腹...,￥9.9
复方氨酚烷胺胶囊,用于缓解普通感冒或流行性感冒...,￥7.8
萘普生栓,用于治疗风湿性和类风湿性关节...,￥4.4
关节止痛膏,祛风除湿，活血止痛。用于风寒...,￥1.8
对乙酰氨基酚片,用于普通感冒或流行性感冒引起...,
萘普生胶囊,用于治疗风湿性和类风湿性关节...,￥2.8
跌打损伤丸,行气活血，舒筋止痛。用于跌打...,
正伤消痛膏,暂无数据,￥62.5
萘丁美酮胶囊,1.各种急、慢性炎性关节炎：类...,￥14.9
人工牛黄甲硝唑胶囊,用于急性智齿冠周炎、局部牙槽...,￥6.5
四季平安油,用于头晕头痛，腰酸背痛，风火...,￥8
氨基比林咖啡因片,用于缓解感冒、上呼吸道感染引...,￥4.8
白花油,疏风止痒，理气止痛，消疲提神...,￥3.5
白花油,疏风止痒，理气止痛，消疲提神...,￥4
红药片,活血止痛，去瘀生新，用于跌打...,￥11
小儿氨酚黄那敏片,适用于缓解儿童普通感冒及流行...,￥1.6
抗菌消炎片,清热、泻火、解毒。用于风热感...,￥5
三七胶囊,散瘀止血，消肿定痛。用于外伤...,￥7.8
麝香镇痛膏,散寒，活血，镇痛。用于风湿性...,￥26.6
牛黄上清丸,清热泻火，散风止痛。用于头痛...,￥11.5
复方氯唑沙宗片,本品适用于各种急性、慢性软组...,￥13
复方氨酚烷胺片,适用于缓解普通感冒及流行性感...,￥8.5
小儿氨酚黄那敏颗粒,适用于缓解儿童普通感冒及流行...,￥8.5
复方桐叶烧伤油,清热解毒，消肿止痛，祛腐生肌...,
萘普生栓,用于缓解轻度至中度疼痛，如关...,
氨咖黄敏胶囊,适用于缓解普通感冒及流行性感...,￥35.1
清火栀麦片,清热解毒，凉血消肿。用于肺胃...,￥1
三七片,用于外伤出血，跌扑肿痛。,￥15
天麻片,祛风除湿，舒筋通络，活血止痛...,
萘普生胶囊,用于治疗风湿性和类风湿性关节...,
三黄片,清热解毒，泻火通便。用于三焦...,￥33.3
黄连上清片,散风清热，泻火止痛。用于风热...,￥3
双氯芬酸钠凝胶,用于缓解肌肉、软组织和关节的...,
对乙酰氨基酚片,解热镇痛类药，用于发热、头痛...,
对乙酰氨基酚片,解热镇痛类药，用于发热、头痛...,
对乙酰氨基酚栓,用于普通感冒或流行性感冒引起...,
小儿氨酚烷胺颗粒,适用于缓解儿童普通感冒及流行...,￥7.4
复方氨酚烷胺片,适用于缓解普通感冒及流行性感...,￥8
小儿氨酚黄那敏颗粒,用于缓解儿童普通感冒及流行性...,￥8.6
复方三七胶囊,化瘀止血，消肿止痛。用于跌打...,￥10.3
对乙酰氨基酚栓,用于小儿普通感冒或流行性感冒...,
萘普生缓释片,主要治疗类风湿性关节炎、幼年...,￥10
对乙酰氨基酚咀嚼片,用于儿童普通感冒或流行性感冒...,￥7
复方氨酚烷胺胶囊,适用于缓解普通感冒及流行性感...,￥3.9
痛克搽剂,活血化瘀，消肿止痛。用于瘀血...,￥36.8
辣椒风湿膏,祛风散寒，舒筋活络，消肿止痛...,￥12.1
双氯芬酸钾片,本品适用于下列急性疼痛的短期...,
双氯芬酸钠凝胶,用于缓解肌肉、软组织和关节的...,￥8.2
麝香壮骨膏,镇痛，消炎。用于风湿痛，关节...,￥6.3
萘普生胶囊,用于治疗风湿性和类风湿性关节...,￥3
麝香追风膏,祛风散寒，活血止痛。用于风湿...,￥5.7
对乙酰氨基酚栓,用于普通感冒或流行性感冒引起...,
烫疮油,清热止痛，解毒消肿，生肌；用...,
独活止痛搽剂,止痛，消肿，散瘀。用于小关节...,￥12
红药片,活血止痛，去瘀生新，用于跌打...,￥3.8
活络油,祛风活络，消肿止痛。用于风湿...,
阿司匹林片,用于普通感冒或流行性感冒引起...,
吡罗昔康凝胶,用于缓解局部疼痛，如肌肉痛，...,￥9
盐酸乙哌立松片,中枢性肌肉松弛药。1.用于改善...,￥54
红药片,活血止痛，去瘀生新，用于跌打...,￥10.5
愈裂贴膏,本品有软化角质层，生肌止痛，...,
对乙酰氨基酚片,用于普通感冒或流行性感冒引起...,
消炎镇痛膏,消炎镇痛。用于神经痛、风湿痛...,￥12.8
萘普生胶囊,用于治疗风湿性和类风湿性关节...,
伤湿止痛膏,祛风湿，活血止痛，用于风湿性...,
伤湿止痛膏,祛风湿，活血止痛，用于风湿性...,￥7.8
跌打丸,活血散瘀，消肿止痛。用于跌打...,
三果汤含片,清热生津，润燥利咽。用于燥热...,￥25
伤痛宁膏,活血散瘀，消肿止痛。用于关节...,￥25
华佗膏,杀菌止痒。用于癣症湿气，脚趾...,
对乙酰氨基酚片,用于普通感冒或流行性感冒引起...,
史国公药酒,祛风除湿，活血通络。用于风寒...,
酮洛芬缓释胶囊,用于各种关节炎：类风湿关节炎...,￥23
奥沙普秦分散片,本品适用于风湿性关节炎、类风...,￥8.5
乙水杨胺片,用于缓解轻至中度疼痛，如头痛...,
复方三七胶囊,化瘀止血，消肿止痛。用于跌打...,￥7.5
关节止痛膏,祛风除湿，活血止痛。用于风寒...,￥37.1
消炎镇痛膏,消炎镇痛。用于神经痛、风湿痛...,￥24.2
辣椒风湿膏,祛风散寒，舒筋活络，消肿止痛...,￥10
复方牙痛宁搽剂,消肿止痛。用于牙痛，牙周肿痛...,￥15
对乙酰氨基酚片,用于普通感冒或流行性感冒引起...,
川芎茶调片,疏风止痛。用于风邪头痛，或有...,￥13.5
小儿氨酚烷胺颗粒,适用于缓解儿童普通感冒及流行...,￥10.4
御制平安丸,温中和胃，行气止痛，降逆止呕...,
养血荣筋丸,养血荣筋，祛风通络。用于跌打...,￥18.7
唇齿清胃丸,清胃火。用于由胃火引起的牙龈...,
复方七叶皂苷钠凝胶,炎症，退行性病变及创伤引致的...,
尼美舒利颗粒,本品为非甾体抗炎药，仅在至少...,￥16
贝诺酯片,用于普通感冒或流行性感冒引起...,
茶苯海明片,用于防治晕动病，如晕车、晕船...,
复方三七胶囊,化瘀止血，消肿止痛。用于跌打...,￥8
黄连上清丸,散风清热，泻火止痛。用于风热...,￥8.5
清火栀麦片,清热解毒，凉血消肿。用于肺胃...,￥5
跌打丸,活血散瘀，消肿止痛。用于跌打...,￥15
愈伤灵胶囊,活血散瘀，消肿止痛。用于跌打...,￥7.2
复方氨酚烷胺胶囊,适用于缓解普通感冒及流行...,￥15.8
复方氨酚烷胺胶囊,适用于缓解普通感冒及流行性感...,
关节止痛膏,祛风除湿，活血止痛。用于风寒...,
黄金波药酒,祛风活血，温中和胃。用于肢体...,
保济丸,解表，祛湿，和中。用于暑湿感...,
克伤痛气雾剂,活血化瘀，消肿止痛。用于急性...,
小儿氨酚黄那敏颗粒,用于缓解儿童普通感冒及流行性...,
活络油,舒筋活络，祛风散瘀。用于风湿...,￥37.4
国公酒,散风祛湿，舒筋活络。用于风寒...,
对乙酰氨基酚口服液,適用於感冒引起的發熱，頭痛及...,
精氨酸阿司匹林片,本品为解热、消炎镇痛药。主要...,
关节止痛膏,祛风除湿，活血止痛。用于风寒...,
黄连上清丸,散风清热，泻火止痛。用于风热...,￥7.5
天麻片,祛风除湿，舒筋通络，活血止痛...,￥6
布洛芬混悬滴剂,用于婴幼儿的退热，缓解由于感...,￥19
盘龙七片,活血化瘀，祛风除湿，消肿止痛...,￥21.9
精制五加皮酒,强筋壮骨，活血祛风，健脾除湿...,￥47.8
小儿氨酚匹林咖啡因片,用于小儿感冒引起的发热，也用...,￥5
橡皮生肌膏,去痛生肌，消炎长皮。用于褥疮...,￥46.5
芎菊上清丸,清热解毒，散风止痛。用于外感...,￥6.5
黄连上清片,清热通便，散风止痛。用于内热...,￥3
清火片,清热泻火，通便。用于咽喉肿痛...,￥16.8
糠甾醇片,用于牙周病引起的牙龈出血，牙...,￥10
对乙酰氨基酚片,解热镇痛类药，用于发热、头痛...,
消炎镇痛膏,消炎镇痛。用于神经痛、风湿痛...,￥17
盐酸地芬尼多片,用于防治多种原因或疾病引起的...,￥11.8
卡马西平片,1.癫痫：部分性发作：复杂部分...,￥14.2
盐酸曲马多胶囊,用于癌症、术后、骨折、创伤、...,
外用重组牛碱性成纤维细胞生长因子,促进创面愈合，用于烧伤创面(...,￥116
锝[99Tc]亚甲基二膦酸盐注射液,类风湿性关节炎等自身免疫性疾...,￥78
尼美舒利片,本品为非甾体抗炎药，具有抗炎...,￥14.4
奥沙普秦片,适用于风湿性关节炎、类风湿性...,
注射用重组人生长激素,用于儿童、成人生长激素缺乏症...,
酚麻美敏混悬液,本品用于小儿，可减轻普通感冒...,￥20.1
双氯芬酸钠肠溶片,用于：1.缓解类风湿关节炎、骨...,￥2.9
双氯芬酸钠缓释胶囊,①缓解类风湿关节炎、骨关节炎...,￥21.7
人工牛黄甲硝唑胶囊,用于急性智齿冠周炎、局部牙槽...,￥15
乳癖消片,软坚散结，活血消痛，清热解毒...,￥16.8
盐酸罗哌卡因注射液,适用于外科手术麻醉硬膜外麻醉...,￥238.5
布洛芬片,用于缓解轻至中度疼痛如头痛、...,￥2.8
尼美舒利颗粒,本品为非甾体抗炎药，仅在至少...,￥7.3
小牛血清去蛋白注射液,1.改善脑部血液循环和营养障碍...,
布洛芬混悬滴剂,用于婴幼儿的退热，缓解由于感...,￥12.4
布洛芬缓释混悬液,本品系非甾体类抗炎药，有解热...,￥31.2
洛索洛芬钠片,类风湿性关节炎、骨性关节炎、...,￥15
双氯芬酸钠缓释片(Ⅴ),1.急慢性风湿性、急慢性关节炎...,￥17.2
酮咯酸氨丁三醇胶囊,1.用于中、重度疼痛（如术后、...,￥42
复方氨酚甲麻口服液,缓解感冒早期的诸症状，如流涕...,￥24.8
吲哚美辛栓,用于风湿性关节炎、类风湿性关...,￥3.2
双氯芬酸钠缓释片(Ⅳ),1.急慢性风湿性关节炎、急慢性...,￥13.9
三七伤药片,舒筋活血，散瘀止痛。用于跌打...,￥9.8
盐酸异丙嗪片,适应症：1．皮肤黏膜过敏：适...,￥7.6
克霉唑乳膏,用于体癣、股癣、手癣、足癣、...,￥2.9
尼美舒利片,本品为非甾体抗炎药，仅在至少...,￥8.9
接骨七厘片,活血化瘀，接骨止痛。用于跌打...,￥33.9
雷公藤片,具有抗炎及免疫抑制作用。用于...,￥26.4
秋水仙碱片,治疗痛风性关节炎的急性发作，...,￥13
骨筋丸胶囊,活血化瘀，舒筋通络，祛风止痛...,￥7
七厘散,化瘀消肿，止痛止血。用于跌打...,￥64
活血止痛胶囊,活血散瘀，消肿止痛。用于跌打...,￥5.2
龙血竭胶囊,活血散瘀，定痛止血，敛疮生肌...,￥18.9
伤科接骨片,活血化瘀，消肿止痛，舒筋壮骨...,￥32.5
舒筋活血片,适应症：舒筋活络，活血散瘀。...,￥11.6
同仁大活络丸,祛风，舒筋，活络，除湿。用于...,￥69.2
天麻丸,祛风除湿，通络止痛，补益肝肾...,￥19
祛风止痛胶囊,祛风止痛，舒筋活血，强壮筋骨...,￥31.4
伸筋活络丸,舒筋活络、祛风除湿、温经止痛...,￥59
美洛昔康片,适用于类风湿性关节炎的症状治...,￥11.2
盐酸氨基葡萄糖片,全身所有部位骨关节炎的治疗和...,￥47
布洛芬片,本品为非甾体抗炎药。适用于 1...,￥3.4
冰硼散,清热解毒，消肿止痛。用于热毒...,￥8.4
氨酚伪麻美芬片,本品用于缓解普通感冒及流行性...,￥11.8
康复新液,通利血脉，养阴生肌。内服：用...,￥40.5
氨酚伪麻那敏胶囊,用于由感冒引起的各种症状：发...,￥7.7
舒林酸片,适用于类风湿关节炎，退行性关...,￥11.8
苯溴马隆胶囊,单纯原发性高尿酸血症以及痛风...,￥26.5
三黄片,清热解毒，泻火通便。用于三焦...,￥7.2
桂附地黄丸,温补肾阳。用于肾阳不足，腰膝...,
对乙酰氨基酚片,解热镇痛类药，用于发热、头痛...,￥4.8
小儿氨酚黄那敏颗粒,用于缓解儿童普通感冒及流行性...,￥9.5
复方氨酚烷胺胶囊,滋阴潜阳，除烦安神。用于更年...,￥7.8
关节止痛膏,祛风除湿，活血止痛。用于风寒...,￥12
对乙酰氨基酚栓,用于儿童普通感冒或流行性感冒...,￥10
肿痛安胶囊,祛风化痰，行瘀散结，消肿定痛...,￥20.4
精氨酸布洛芬颗粒,牙痛、痛经、因创伤引起的疼痛...,￥20.4
氨酚伪麻片(Ⅱ),用于普通感冒或流行性感冒引起...,￥9.7
酮咯酸氨丁三醇片,本品适用于需要阿片水平镇痛药...,
和兴白花油,头晕头痛、伤风鼻塞、感冒不适...,￥12
麝香镇痛膏,散寒，活血，镇痛。用于风湿性...,￥5.2
阿司匹林维生素C泡腾片,用于缓解感冒或流感引起的发热...,
对乙酰氨基酚凝胶,用于缓解感冒引起的发热，头痛...,
双氯芬酸钾片,本品适用于下列急性疼痛的短期...,
三七片,用于外伤出血，跌扑肿痛。,
关节止痛膏,祛风除湿，活血止痛。用于风寒...,￥18
小活络丸,祛风除湿，活络通痹。用于风寒...,￥13.8
三七胶囊,散瘀止血，消肿定痛。用于外伤...,￥17.5
四季平安油,用于头晕头痛，腰酸背痛，风火...,￥5.5
元胡止痛片,理气，活血，止痛。用于行经腹...,￥5
元胡止痛片,理气，活血，止痛。用于行经腹...,
对乙酰氨基酚片,用于普通感冒或流行性感冒引起...,
复方氨酚烷胺片,适用于缓解普通感冒及流行性感...,
复方氨酚烷胺胶囊,适用于缓解普通感冒及流行性感...,
萘普生片,用于治疗风湿性和类风湿性关节...,
复方氨酚烷胺胶囊,适用于缓解普通感冒及流行性感...,￥18
清火栀麦胶囊,用于咽喉肿痛，发热，牙痛，目...,￥8
吸收性明胶海绵,对创面渗血有止血作用，用于创...,
萘普生颗粒,用于治疗风湿性和类风湿性关节...,
三七片,用于外伤出血，跌扑肿痛。,
对乙酰氨基酚片,解热镇痛类药，用于发热、头痛...,￥11
对乙酰氨基酚片,解热镇痛类药，用于发热、头痛...,
对乙酰氨基酚片,解热镇痛类药，用于发热、头痛...,
对乙酰氨基酚片,用于普通感冒或流行性感冒引起...,
对乙酰氨基酚片,解热镇痛类药，用于发热、头痛...,
对乙酰氨基酚片,解热镇痛类药，用于发热、头痛...,
对乙酰氨基酚片,解热镇痛类药，用于发热、头痛...,
对乙酰氨基酚片,解热镇痛类药，用于发热、头痛...,
对乙酰氨基酚片,解热镇痛类药，用于发热、头痛...,
三七胶囊,散瘀止血，消肿定痛。用于外伤...,￥7
复方氨酚烷胺胶囊,用于缓解普通感冒或流行性感冒...,￥8
阿咖酚散,用于感冒或流感引起的发热、头...,
烫疮油,清热止痛，解毒消肿，生肌；用...,￥48.2
甲硝唑芬布芬胶囊,溃疡性牙龈炎、牙周炎、齿龈脓...,￥17.6
对乙酰氨基酚颗粒,解热镇痛类药，用于发热、头痛...,
双氯芬酸钠搽剂,用于缓解肌肉、软组织和关节的...,￥15
三七片,用于外伤出血，跌扑肿痛。,
辣椒颠茄贴膏,用于关节疼痛、骨骼肌疼痛以及...,
辣椒颠茄贴膏,用于关节疼痛、骨骼肌疼痛以及...,
对乙酰氨基酚片,解热镇痛类药，用于发热、头痛...,
对乙酰氨基酚片,解热镇痛类药，用于发热、头痛...,
对乙酰氨基酚片,用于儿童普通感冒或流行性感冒...,
对乙酰氨基酚片,解热镇痛类药，用于发热、头痛...,
对乙酰氨基酚片,解热镇痛类药，用于发热、头痛...,
对乙酰氨基酚片,解热镇痛类药，用于发热、头痛...,￥15
对乙酰氨基酚片,解热镇痛类药，用于发热、头痛...,
对乙酰氨基酚片,解热镇痛类药，用于发热、头痛...,
三七片,用于外伤出血，跌扑肿痛。,
萘普生胶囊,用于治疗风湿性和类风湿性关节...,
对乙酰氨基酚颗粒,解热镇痛类药，用于发热、头痛...,
阿司匹林片,1、用于发热、头痛、神经痛、...,
阿咖片,用于感冒或流感引起的发热，头...,
对乙酰氨基酚片,解热镇痛类药，用于发热、头痛...,
普菲尼德,用于各种骨骼肌损伤的急慢性软...,
对乙酰氨基酚颗粒,用于普通感冒或流行性感冒引起...,
酮洛芬凝胶,用于各种骨骼肌损伤的急慢性软...,
木瓜丸,祛风散寒，活络止痛。用于风寒...,￥12.2
黄连上清丸,散风清热，泻火止痛。用于风热...,￥13
布洛芬缓释片,用于减轻中度疼痛，如关节痛、...,￥8.4
接骨七厘片,活血化瘀，接骨止痛。用于跌打...,￥25
三七胶囊,散瘀止血，消肿定痛。用于外伤...,
辣椒颠茄贴膏,用于关节疼痛、骨骼肌疼痛以及...,
对乙酰氨基酚片,解热镇痛类药，用于发热、头痛...,￥35
大活络丸,祛风，舒筋，活络，除湿。用于...,￥32.9
十香止痛丸,疏气解郁，散寒止痛。用于气滞...,
乳酸依沙吖啶溶液,用于外伤创面及感染创面的消毒...,
复方对乙酰氨基酚片,解热镇痛类药，用于发热、头痛...,
萘普生钠片,本品为非甾体抗炎药。适用于缓...,
茶苯海明片,用于防治晕动病，如晕车、晕船...,
散寒活络丸,追风散寒，舒筋活络。用于风寒...,￥24
骨刺胶囊,散风邪，祛寒湿，舒筋活血，通...,￥17.6
氨酚咖匹林片,解热镇痛药。用于发热、头痛、...,￥26
独一味软胶囊,活血止痛、化瘀止血，用于多种...,￥11
美洛昔康片,本品适用于类风湿性关节炎和疼...,￥17.5
骨肽注射液,适用于促进骨折愈合。,￥5.6
尼美舒利分散片,本品适用于类风湿性关节炎和骨...,￥9.5
萘普生栓,用于治疗风湿性和类风湿性关节...,￥13.5
止痛消炎软膏,消肿止痛,￥8.6
小儿氨酚黄那敏颗粒,用于缓解儿童普通感冒及流行性...,￥9.2
复方鱼肝油氧化锌软膏,本品用于急慢性皮炎、湿疹、冻...,￥16.1
洛索洛芬钠胶囊,类风湿性关节炎、骨性关节炎、...,￥21.8
盐酸纳洛酮注射液,本品是目前临床应用最广的阿片...,
盐酸异丙嗪注射液,（1）皮肤粘膜的过敏：适用于...,
依托咪酯注射液,静脉全麻诱导药或麻醉辅助药。,
甲紫溶液,面部有溃疡性损害时应慎用，不...,￥2.4
布洛芬片,本品为非甾体抗炎药。适用于 1...,￥2.5
洛索洛芬钠片,类风湿性关节炎、骨性关节炎、...,￥8.9
去痛片,本品用于感冒引起的发热、关节...,￥4
氨酚伪麻那敏口服溶液,适用于缓解普通感冒及流行性感...,￥39
藤黄健骨丸,补肾，活血，止痛。用于肥大性...,￥28
复方乙酰水杨酸片,水杨酸类镇痛、消炎、解热、抗...,
腰痛片,强腰补肾，活血止痛。用于肾虚...,￥12
秋水仙碱片,治疗痛风性关节炎的急性发作，...,￥9.9
红茴香注射液,消肿散瘀、活血止痛。用于腰肌...,
去痛片,本品用于感冒引起的发热、关节...,￥4
注射用氯诺昔康,急性中度手术后疼痛以及与急性...,￥18
安乃近片,用于高热时的解热，也可用于头...,￥17.4
对乙酰氨基酚糖浆,用于普通感冒或流行性感冒引起...,
肌醇烟酸酯软膏,选择性地使病变部位和受寒冷刺...,
松节油搽剂,皮肤刺激药。用于肌肉痛或关节...,
吡罗昔康片,用于缓解各种关节炎及软组织病...,￥6
骨友灵搽剂,活血化瘀，消肿止痛。用于瘀血...,￥70
布洛芬片,用于缓解轻至中度疼痛如头痛、...,
盐酸地芬尼多片,用于防治多种原因或疾病引起的...,￥7.9
夏天无注射液,通络，活血，止痛。用于高血压...,￥20
复方乙酰水杨酸片,水杨酸类镇痛、消炎、解热、抗...,￥3.8
乳酸左氧氟沙星氯化钠注射液,本品适用于敏感细菌所引起的下...,
复方对乙酰氨基酚片,用于普通感冒或流行性感冒引起...,
妙济丸,补益肝肾，祛湿通络，活血止痛...,
解痉镇痛酊,活血通经、止痛。用于治疗软组...,
腰椎痹痛丸,壮筋骨，益气血，舒筋活络，祛...,￥550
虎杖伤痛酊,中医：活血消肿，止痛。用于跌...,￥42
复方对乙酰氨基酚片,用于普通感冒或流行性感冒引起...,
阿司匹林肠溶胶囊,本品可以抑制血小板聚集，防止...,
阿西美辛缓释胶囊,（1）类风湿性关节炎、骨关节...,￥24.6
阿司匹林锌胶囊,用于普通感冒或流行性感冒引起...,
尼美舒利胶囊,本品属非甾体类抗炎药，具有镇...,￥7.5
对乙酰氨基酚糖浆,适用于感冒引起的发热、头痛及...,
新复方大青叶片,清瘟，消炎，解热。用于伤风感...,￥49.2
布洛芬糖浆,用于感冒或流感引起的发热、头...,￥9.4
麝香追风膏,祛风散寒，活血止痛。用于风湿...,
双氯芬酸钾片,本品适用于下列急性疼痛的短期...,
对乙酰氨基酚片,解热镇痛类药，用于发热、头痛...,
萘普生胶囊,用于治疗风湿性和类风湿性关节...,
舒筋活血定痛散,舒筋活血，散瘀止痛。用于跌打...,
乳酸依沙吖啶溶液,用于小面积、轻度外伤创面及感...,
乌贝散,制酸止痛。用于肝胃不和所致的...,
牙痛药水,止痛杀菌，防蛀。用于风火牙痛...,
神农镇痛膏,活血散瘀，消肿止痛。用于跌打...,
对乙酰氨基酚胶囊,用于小儿普通感冒或流行性感冒...,
水杨酸甲酯气雾剂,用于软组织损伤的应急治疗，如...,
抗骨增生片,补肾，活血，止痛。用于肥大性...,
附桂骨痛胶囊,用于阳虚寒湿型颈椎及膝关节增...,￥48
三七胶囊,散瘀止血，消肿定痛。用于外伤...,￥5.8
麝香追风膏,祛风散寒，活血止痛。用于风湿...,
盐酸苯海拉明片,用于皮肤黏膜的过敏，如荨麻疹...,
对乙酰氨基酚片,解热镇痛类药，用于发热、头痛...,
萘普生胶囊,用于治疗风湿性和类风湿性关节...,
芎菊上清丸,清热解毒，散风止痛。用于外感...,￥28
烧伤喷雾剂,清热解毒，消肿止痛。用于轻度...,
关通舒口服液,祛风除湿，散寒通络。用于风寒...,￥68.6
田七跌打风湿软膏,活血祛瘀，舒筋通络，消肿止痛...,
丁硼乳膏,有消炎止痛作用。适用于急慢性...,
驱风油,活血止痛。用于关节痛。,
红药贴膏,祛瘀生新，活血止痛。用于跌打...,
奥沙普秦肠溶片,适用于风湿关节炎、类风漫性关...,￥16
复方对乙酰氨基酚片,解热镇痛类药，用于发热、头痛...,
复方对乙酰氨基酚片,解热镇痛类药，用于发热、头痛...,
氨咖黄敏胶囊,适用于缓解普通感冒及流行性感...,￥2.5
双水杨酯片,"用于缓解各类疼痛,包括头痛、...",
萘普生片,用于治疗风湿性和类风湿性关节...,
尼美舒利分散片,本品为非甾体抗炎药，仅在至少...,￥11.4
萘普生片,用于治疗风湿性和类风湿性关节...,
复方氨酚烷胺胶囊,适用于缓解普通感冒及流行性感...,￥15.8
野苏颗粒,理气调中，和胃止痛。用于气滞...,
外用万应膏,活血镇痛。用于跌打损伤，负重...,
三七活血丸,通络散瘀。用于跌打损伤。,
驱风油,活血止痛。用于关节痛。,
王回回狗皮膏,祛风散寒，活血止痛。用于风寒...,
伤乐气雾剂,活血，舒络，消肿。用于跌打、...,
浓替硝唑含漱液,用于厌氧菌感染引起的牙龈炎、...,
乙水杨胺片,解热镇痛类药品。用于缓解轻至...,
对乙酰氨基酚片,解热镇痛类药，用于发热、头痛...,
伤湿止痛膏,祛风湿，活血止痛，用于风湿性...,
去痛片,本品用于感冒引起的发热、关节...,￥11.2
双氯芬酸钠肠溶片,用于：①缓解类风湿关节炎、骨...,￥4.1
对乙酰氨基酚片,解热镇痛类药，用于发热、头痛...,
对乙酰氨基酚片,解热镇痛类药，用于发热、头痛...,
阿咖酚散,用于感冒或流感引起的发热、头...,
洛索洛芬钠胶囊,1.下述疾患及症状的消炎和镇痛...,￥8.8
对乙酰氨基酚片,解热镇痛类药，用于发热、头痛...,
萘普生片,用于治疗风湿性和类风湿性关节...,
止痛风湿丸,祛风除湿，活血止痛。用于四肢...,￥30
复方天麻益阴酒,滋养肝肾，益气和血。用于肝肾...,
冻疮消酊,活血祛瘀，止痒止痛，消肿。用...,
三两半药酒,益气活血，祛风痛络。用于气血...,
麝香舒活精,活血散瘀，消肿止痛。用于运动...,
氨酚伪麻那敏片(II),本品用于普通感冒及流行性感冒...,￥7.6
酮洛芬缓释胶囊,用于各种关节炎：类风湿关节炎...,￥80.6
酮洛芬凝胶,用于创伤性损害（扭伤、腱炎、...,
双氯芬酸钠缓释片(Ⅰ),1.急慢性风湿性、急慢性关节炎...,￥14.7
双氯芬酸钠栓,消炎镇痛类药。用于类风湿性关...,￥5.5
乙水杨胺片,用于缓解轻至中度疼痛，如头痛...,
桂附地黄丸,温补肾阳。用于肾阳不足，腰膝...,
氨咖黄敏胶囊,适用于缓解普通感冒及流行性感...,
对乙酰氨基酚片,解热镇痛类药，用于发热、头痛...,
对乙酰氨基酚片,解热镇痛类药，用于发热、头痛...,
对乙酰氨基酚片,解热镇痛类药，用于发热、头痛...,
狗皮膏,祛风散寒，活血止痛。用于风寒...,
跌打按摩药膏,活血散瘀，止痛解痉。用于急、...,
大风丸,舒筋活血，补虚祛风。用于腰腿...,
风痛片,祛风除湿，舒筋活血。用于风湿...,￥27.6
硼酸氧化锌冰片软膏,用于慢性皮炎，也可用于浅表创...,￥40.8
盐酸曲马多栓,用于癌症、术后、骨折、创伤、...,
酮洛芬贴片,主要用于类风湿性关节炎、骨关...,￥15
尼美舒利分散片,本品为非甾体抗炎药，仅在至少...,￥13.2
清瘟解毒片,清瘟解毒。用于时疫感冒，发热...,￥15.5
元胡止痛片,理气，活血，止痛。用于行经腹...,
止痛水,镇静止痛。用于头痛、牙痛、关...,
茶苯海明片,防治晕动病，适用于防治晕动时...,
克洛己新片,本品适用于治疗因敏感菌引起的...,￥18
尼美舒利分散片,本品为非甾体抗炎药，仅在至少...,￥13.4
对乙酰氨基酚片,解热镇痛类药，用于发热、头痛...,￥12.4
对乙酰氨基酚片,解热镇痛类药，用于发热、头痛...,￥13
酒石酸布托啡诺注射液,用于治疗各种癌性疼痛、手术后...,
三黄珍珠膏,解毒消肿，去腐生肌，止痛。适...,￥26.2
对乙酰氨基酚栓,用于普通感冒或流行性感冒引起...,
酮洛芬胶囊,用于缓解轻至中度疼痛，如关节...,
舒筋丸,祛风除湿，舒筋活血。用于受风...,￥34.5
阿司匹林缓释片,本品对血小板聚集有抑制作...,￥14
三水杨酸胆碱镁片,用于风湿性关节炎、骨关节炎及...,
蓝花药,清热解毒，消疳。用于急慢性扁...,
注射用盐酸丙帕他莫,在临床急需静脉给药治疗疼痛或...,
双氯芬酸钠凝胶,用于缓解肌肉、软组织和关节的...,
对乙酰氨基酚片,解热镇痛类药，用于发热、头痛...,￥2.5
对乙酰氨基酚片,解热镇痛类药，用于发热、头痛...,
来氟米特片,1适用于成人类风湿关节炎，有...,￥33
小儿氨酚黄那敏颗粒,用于缓解儿童普通感冒及流行性...,￥11
萘普生片,用于治疗风湿性和类风湿性关节...,￥4.8
萘普生片,用于治疗风湿性和类风湿性关节...,
对乙酰氨基酚栓,用于普通感冒或流行性感冒引起...,
萘普生片,用于治疗风湿性和类风湿性关节...,
萘普生缓释片,主要治疗类风湿性关节炎、幼年...,
根痛平丸,活血，通络，止痛。用于风寒阻...,
活络消痛胶囊,通经活络，舒筋止痛。用于风寒...,￥28
双氯芬酸二乙胺凝胶,本品适用于缓解局部的疼痛及炎...,￥12.9
七厘胶囊,化瘀消肿，止痛止血。用于跌打...,￥32.6
骨折挫伤胶囊,舒筋活络，接骨止痛。用于跌打...,￥13
三七片,用于外伤出血，跌扑肿痛。,
麝香壮骨膏,镇痛，消炎。用于风湿痛，关节...,
解热止痛散,用于头痛、关节痛、神经痛、牙...,￥9.9
对乙酰氨基酚片,解热镇痛类药，用于发热、头痛...,
对乙酰氨基酚片,解热镇痛类药，用于发热、头痛...,
对乙酰氨基酚片,解热镇痛类药，用于发热、头痛...,
对乙酰氨基酚片,解热镇痛类药，用于发热、头痛...,
对乙酰氨基酚片,解热镇痛类药，用于发热、头痛...,
跌打丸,活血散瘀，消肿止痛。用于跌打...,
对乙酰氨基酚片,解热镇痛类药，用于发热、头痛...,
风湿骨康片,祛风散寒，除湿止痛。用于风湿...,￥127.5
人工牛黄甲硝唑胶囊,用于急性智齿冠周炎、局部牙槽...,￥10
三两半药酒,益气活血，祛风痛络。用于气血...,
尼美舒利颗粒,本品为非甾体抗炎药，仅在至少...,￥10.4
保泰松片,主要用于治疗风湿性关节炎、类...,￥6.1
对乙酰氨基酚片,解热镇痛类药，用于发热、头痛...,
布洛芬口服溶液,用于儿童减轻中度疼痛，如关节...,￥11
姜颗粒,暖脾胃，散风寒。用于胃寒，心...,
对乙酰氨基酚片,解热镇痛类药，用于发热、头痛...,
对乙酰氨基酚片,解热镇痛类药，用于发热、头痛...,
对乙酰氨基酚片,解热镇痛类药，用于发热、头痛...,
对乙酰氨基酚片,解热镇痛类药，用于发热、头痛...,
对乙酰氨基酚片,解热镇痛类药，用于发热、头痛...,
对乙酰氨基酚片,解热镇痛类药，用于发热、头痛...,
对乙酰氨基酚片,解热镇痛类药，用于发热、头痛...,
萘普生片,用于治疗风湿性和类风湿性关节...,
对乙酰氨基酚片,解热镇痛类药，用于发热、头痛...,
壮骨关节胶囊,补益肝肾，养血活血，舒筋活络...,￥29.2
乙水杨胺片,用于缓解轻至中度疼痛，如头痛...,
对乙酰氨基酚片,解热镇痛类药，用于发热、头痛...,
对乙酰氨基酚片,解热镇痛类药，用于发热、头痛...,
对乙酰氨基酚片,解热镇痛类药，用于发热、头痛...,
对乙酰氨基酚片,解热镇痛类药，用于发热、头痛...,
对乙酰氨基酚片,解热镇痛类药，用于发热、头痛...,
对乙酰氨基酚片,解热镇痛类药，用于发热、头痛...,
对乙酰氨基酚片,解热镇痛类药，用于发热、头痛...,￥4.7
对乙酰氨基酚片,解热镇痛类药，用于发热、头痛...,
对乙酰氨基酚片,解热镇痛类药，用于发热、头痛...,
对乙酰氨基酚片,解热镇痛类药，用于发热、头痛...,
对乙酰氨基酚片,解热镇痛类药，用于发热、头痛...,
对乙酰氨基酚片,解热镇痛类药，用于发热、头痛...,
对乙酰氨基酚片,解热镇痛类药，用于发热、头痛...,
根痛平胶囊,活血、通络、止痛；用于风寒阻...,
关节止痛膏,祛风除湿，活血止痛。用于风寒...,￥9
复方水杨酸甲酯苯海拉明喷雾剂,用于肌肉痛、关节痛、腰腿痛、...,
三七片,用于外伤出血，跌扑肿痛。,
对乙酰氨基酚片,解热镇痛类药，用于发热、头痛...,
对乙酰氨基酚片,解热镇痛类药，用于发热、头痛...,
对乙酰氨基酚片,解热镇痛类药，用于发热、头痛...,
对乙酰氨基酚片,解热镇痛类药，用于发热、头痛...,
对乙酰氨基酚片,解热镇痛类药，用于发热、头痛...,
对乙酰氨基酚片,解热镇痛类药，用于发热、头痛...,
对乙酰氨基酚片,解热镇痛类药，用于发热、头痛...,
对乙酰氨基酚片,解热镇痛类药，用于发热、头痛...,
对乙酰氨基酚片,解热镇痛类药，用于发热、头痛...,
对乙酰氨基酚片,解热镇痛类药，用于发热、头痛...,
对乙酰氨基酚片,解热镇痛类药，用于发热、头痛...,
对乙酰氨基酚片,解热镇痛类药，用于发热、头痛...,￥5
萘普生片,用于治疗风湿性和类风湿性关节...,
跌打丸,活血散瘀，消肿止痛。用于跌打...,
四季平安油,用于头晕头痛，腰酸背痛，风火...,
三七片,用于外伤出血，跌扑肿痛。,
对乙酰氨基酚片,解热镇痛类药，用于发热、头痛...,
对乙酰氨基酚片,解热镇痛类药，用于发热、头痛...,
对乙酰氨基酚片,解热镇痛类药，用于发热、头痛...,
对乙酰氨基酚片,解热镇痛类药，用于发热、头痛...,
对乙酰氨基酚片,解热镇痛类药，用于发热、头痛...,
对乙酰氨基酚片,解热镇痛类药，用于发热、头痛...,
对乙酰氨基酚片,解热镇痛类药，用于发热、头痛...,
对乙酰氨基酚片,解热镇痛类药，用于发热、头痛...,
对乙酰氨基酚片,解热镇痛类药，用于发热、头痛...,
对乙酰氨基酚片,解热镇痛类药，用于发热、头痛...,
对乙酰氨基酚片,解热镇痛类药，用于发热、头痛...,
对乙酰氨基酚片,解热镇痛类药，用于发热、头痛...,
对乙酰氨基酚片,解热镇痛类药，用于发热、头痛...,
萘普生片,用于治疗风湿性和类风湿性关节...,
萘普生胶囊,用于治疗风湿性和类风湿性关节...,
双氯芬酸钾胶囊,本品适用于下列急性疼痛的短期...,￥11.3
对乙酰氨基酚片,解热镇痛类药，用于发热、头痛...,
对乙酰氨基酚片,解热镇痛类药，用于发热、头痛...,
对乙酰氨基酚片,解热镇痛类药，用于发热、头痛...,
对乙酰氨基酚片,解热镇痛类药，用于发热、头痛...,
对乙酰氨基酚片,解热镇痛类药，用于发热、头痛...,
对乙酰氨基酚片,解热镇痛类药，用于发热、头痛...,
对乙酰氨基酚片,解热镇痛类药，用于发热、头痛...,
对乙酰氨基酚片,解热镇痛类药，用于发热、头痛...,
对乙酰氨基酚片,解热镇痛类药，用于发热、头痛...,
对乙酰氨基酚片,解热镇痛类药，用于发热、头痛...,
对乙酰氨基酚片,解热镇痛类药，用于发热、头痛...,
对乙酰氨基酚片,解热镇痛类药，用于发热、头痛...,
对乙酰氨基酚片,解热镇痛类药，用于发热、头痛...,
对乙酰氨基酚片,解热镇痛类药，用于发热、头痛...,
对乙酰氨基酚片,解热镇痛类药，用于发热、头痛...,
对乙酰氨基酚片,解热镇痛类药，用于发热、头痛...,
对乙酰氨基酚片,解热镇痛类药，用于发热、头痛...,
对乙酰氨基酚片,解热镇痛类药，用于发热、头痛...,
对乙酰氨基酚片,解热镇痛类药，用于发热、头痛...,
对乙酰氨基酚片,解热镇痛类药，用于发热、头痛...,
对乙酰氨基酚片,解热镇痛类药，用于发热、头痛...,￥5
对乙酰氨基酚片,解热镇痛类药，用于发热、头痛...,
对乙酰氨基酚片,解热镇痛类药，用于发热、头痛...,
对乙酰氨基酚片,解热镇痛类药，用于发热、头痛...,
萘普生片,用于治疗风湿性和类风湿性关节...,
萘普生片,用于治疗风湿性和类风湿性关节...,
参芪丸,补益元气。用于气虚体弱、四肢...,
天麻片,祛风除湿，舒筋通络，活血止痛...,
山楂内消丸,开胃化滞，破气消食。用于倒饱...,
清火片,清热泻火，通便。用于咽喉肿痛...,
天麻胶囊,祛风除湿，舒筋通络，活血止痛...,
注射用盐酸丙帕他莫,主要用于疼痛的对症治疗，尤其...,
双氯芬酸钠缓释胶囊(Ⅰ),1.缓解类风湿关节炎、骨关节炎...,￥13
甲硝唑含片,用于牙龈炎、牙周炎、冠周炎。,￥40
藤黄健骨丸,补肾，活血，止痛。用于肥大性...,￥7.4
舒筋活血片,适应症：舒筋活络，活血散瘀。...,￥24
尼美舒利片,本品为非甾体抗炎药，仅在至少...,￥10.5
狗皮膏(改进型),祛风散寒，舒筋活血，止痛。用...,￥22
三七血伤宁胶囊,止血镇痛，祛瘀生新。用于瘀血...,￥23.9
尼美舒利颗粒,本品为非甾体抗炎药，仅在至少...,￥8.8
对乙酰氨基酚片,解热镇痛类药，用于发热、头痛...,
氨酚麻美口服溶液,适用于缓解儿童普通感冒及流行...,
萘普生胶囊,用于治疗风湿性和类风湿性关节...,
清眩丸,散风清热。用于风热头晕目眩，...,
祛风骨痛巴布膏,祛风散寒，舒筋活血，消肿止痛...,￥27
石辛含片,清胃泻火，消肿止痛。用于急性...,￥33
麝香祛风湿油,驱风活血、镇痛消肿。用于风湿...,
醋氯芬酸胶囊,骨关节炎类风湿性关节炎、强制...,￥32.2
骨筋丸胶囊,活血化瘀，舒筋通络，祛风止痛...,￥55.9
祖师麻片,祛风除湿，活血止痛。用于风湿...,
非普拉宗片,适用于风湿性关节炎、类风湿性...,￥15.8
奥硝唑氯化钠注射液,1  用于治疗由脆弱拟杆菌、狄氏...,￥28
痹痛宁胶囊,祛风除湿，消肿定痛。用于寒湿...,￥18
人工牛黄甲硝唑胶囊,用于急性智齿关周炎、局部牙槽...,￥7
活络消痛片,通经活络，舒筋止痛。用于风寒...,￥7.9
吲哚美辛栓,用于风湿性关节炎、类风湿性关...,￥4.2
樟脑水合氯醛酊,用于龋齿所致疼痛的暂时止痛。,￥4.4
走川骨刺酊,活血祛瘀通络止痛用于瘀血阻滞...,￥20.5
清热神芎丸,通便泻火，消肿止痛。用于牙痛...,￥10.4
尼美舒利口腔崩解片,"本品为非甾体抗炎药,具有抗炎...",￥12
尼美舒利缓释片,本品为非甾体抗炎药，仅在至少...,￥36.2
复方水杨酸甲酯巴布膏,消炎、止痛、消肿、化瘀.主治:...,￥38
美索巴莫分散片,肌肉松弛药。用于急性肌肉骨骼...,￥34
复方氨基比林注射液,本品具有解热、镇痛及抗炎作用...,
萘普生钠注射液,本品用于各种原因引起的发热及...,
泰尔牌膳通片,美容(祛痤疮)、改善胃肠道功能(...,￥105
阿司匹林肠溶片,抑制血小板聚成，防止血栓形成...,￥8
蛤蚧大补胶囊,补血益气，健脾暖胃，祛风湿，...,￥11.2
活血止痛胶囊,活血散瘀，消肿止痛。用于跌打...,￥36.3
洛索洛芬钠片,类风湿性关节炎、骨性关节炎、...,￥12.5
麝香接骨胶囊,散瘀止痛，续筋接骨。用于跌打...,￥14
伸筋丹胶囊,舒筋通络，活血祛瘀，消肿止痛...,￥9
尼美舒利分散片,本品为非甾体抗炎药，仅在至少...,￥23.9
尼美舒利胶囊,本品属非甾体类抗炎药，具有镇...,￥13.3
注射用骨肽,用于促进骨折愈合，也可用于增...,
安乃近,用于高热时的解热，也可用于头...,
伊痛舒注射液,祛风散寒胜湿，活血祛瘀镇痛。...,￥15
跌打七厘片,活血，散瘀，消肿，止痛。用于...,￥21.2
盐酸曲马多缓释片,用于癌症疼痛、骨折或术后疼痛...,
复方氯唑沙宗胶囊,各种急性骨骼肌损伤。,￥18.2
氨酚伪麻那敏片(Ⅰ),用于缓解普通感冒及流行性感冒...,￥7.8
二氟尼柳片,适用于类风湿性关节炎、骨关节...,
双氯芬酸钠缓释胶囊(I),1.缓解类风湿关节炎、骨关节炎...,￥21
对乙酰氨基酚泡腾颗粒,用于小儿普通感冒或流行性感冒...,￥7.1
阿司匹林缓释片,"（1）镇痛,解热（2）抗炎,抗风...",￥7
吲哚美辛肠溶片,用于①关节炎，可缓解疼痛和肿...,￥2.8
抗骨增生片,补肾，活血，止痛。用于肥大性...,￥11.5
尼美舒利分散片,本品为非甾体抗炎药，仅在至少...,￥16.2
酚美愈伪麻分散片,用于缓解因各种感冒引起的发热...,￥10.4
精制狗皮膏,舒筋、活血、散寒、止痛。用于...,￥18.8
强筋健骨丸,祛风除痰，强筋健骨。用于左瘫...,￥15.9
消瘀康胶囊,活血化瘀，消肿止痛。用于治疗...,￥67.3
秦皮接骨胶囊,活血散瘀，疗伤接骨，止痛。用...,￥20.9
痛舒片,活血化瘀，舒筋活络，消肿止痛...,￥37.4
麝香风湿胶囊,祛风湿，活血止痛。用于风湿性...,￥39
盐酸左布比卡因注射液,主要用于外科硬膜外腔阻滞麻醉...,
氨酚伪麻那敏片(Ⅲ),用于由感冒或流感引起的发热、...,
双氯芬酸钠缓释胶囊(Ⅲ),1.缓解类风湿关节炎、骨关节炎...,
尼美舒利胶囊,本品属非甾体类抗炎药，具有镇...,￥14
萘丁美酮片,类风湿性关节炎、骨关节炎。,￥31.6
正清风痛宁片,祛风除湿，活血通络，消肿止痛...,￥5
骨质宁搽剂,"活血化瘀,消肿止痛.用于骨质增...",￥35
舒筋活血片,适应症：舒筋活络，活血散瘀。...,
久芝清心丸,清热，泻火，通便。用于内热壅...,￥10.4
少林正骨精,活血祛瘀，消肿止痛，祛风散寒...,￥59.8
人工虎骨粉,具有健骨作用，用于腰背疼痛，...,
阿司匹林肠溶片,抑制血小板聚成，防止血栓形成...,￥2.6
少林风湿跌打膏,散瘀活血，舒筋止痛，祛风散寒...,￥15.8
人工牛黄甲硝唑胶囊,用于急性智齿冠周炎、局部牙槽...,￥13
盐酸曲马多缓释片,用于癌症疼痛、骨折或术后疼痛...,
澳天力牌褪黑素片,改善睡眠,￥72
氨酚伪麻片Ⅱ,本品适用于治疗和减轻感冒引起...,
注射用盐酸丁卡因,用于硬膜外阻滞、蛛网膜下腔阻...,
三七伤药片,舒筋活血，散瘀止痛。用于跌打...,￥6.3
风湿安泰片,舒筋活血，祛风镇痛。用于筋骨...,￥40.8
骨刺片,散风邪，祛寒湿，舒筋活血，通...,￥16.5
麝香祛痛气雾剂,活血祛瘀，舒经活络，消肿止痛...,￥43
尼美舒利颗粒,本品为非甾体抗炎药，仅在至少...,￥9.8
壮骨麝香止痛膏,祛风湿，活血止痛。用于风湿关...,￥20.7
清火胶囊,清热泻火，通便。用于咽喉肿痛...,￥12.5
硫酸阿托品片,1）各种内脏绞痛，如胃肠绞痛...,￥3.4
新力正骨喷雾剂,接骨强筋，活血散瘀，消肿镇痛...,
复方追风膏,祛风散寒、活血止痛。用于风湿...,￥24
伊血安颗粒,活血止血，行气止痛。用于产后...,￥54.4
复方氯唑沙宗分散片,用于各种急性骨骼肌损伤。,￥16.5
归芪养血益气口服液,暂无数据,￥49
消肿止痛贴,清热消肿，止痛。用于疖疮初起...,
盐酸奈福泮注射液,用于术后止痛、癌症痛、急性外...,
秋水仙碱片,治疗痛风性关节炎的急性发作，...,￥8.9
氨糖美辛肠溶片,消炎镇痛药，临床用于强直性脊...,
吲哚美辛缓释胶囊,适用于类风湿关节炎、风湿性关...,￥16.7
布洛伪麻缓释胶囊,用于缓解由感冒等引起的发热、...,
冰栀伤痛气雾剂,清热解毒凉血，活血化瘀止痛。...,￥36
麝香止痛贴膏,祛风除湿，活血舒筋，消肿止痛...,￥8.3
美洛昔康片,适用于类风湿性关节炎的症状治...,
尼美舒利缓释胶囊,本品为非甾体抗炎药，仅在至少...,￥23.4
樟脑水合氯醛酊,用于龋齿所致疼痛的暂时止痛。,￥2
盐酸奈福泮注射液,用于术后止痛、癌症痛、急性外...,￥9
东乐膏,活血化瘀，消肿止痛。用于跌打...,￥69.5
追风透骨丸,本品祛风除湿，通经活络，散寒...,￥12.6
大七厘胶囊,化瘀消肿，止痛止血。用于跌打...,￥22
秦川通痹胶囊,祛风除湿，通络止痛。用于风寒...,
雪上一枝蒿速效止痛搽剂,舒筋活血，消肿止痛。用于跌打...,￥31.4
奥沙普秦肠溶胶囊,适用于类风湿关节炎、变形性关...,￥24
回生第一散,活血散瘀，消肿止痛。用于跌打...,￥81
田七跌打丸,活血祛瘀，消肿止痛。用于跌打...,￥22
风痛宁片,祛风燥湿，散寒活血，舒筋止痛...,
双氯芬酸钠肠溶片,"用于：
① 缓解类风湿关节炎、...",￥2.5
阿司匹林肠溶片,抑制血小板聚成，防止血栓形成...,￥3
氯唑沙宗片,本品适用于各种急性、慢性软组...,￥2.6
烧伤止痛药膏,清热解毒、消肿止痛。,￥5.4
伤科活血酊,活血行气，祛湿消肿，散瘀止痛...,￥15
盐酸左氧氟沙星氯化钠注射液,本品适用于敏感细菌所引起的下...,￥12.2
脉君安片,平肝熄风，解肌止痛。用于高血...,￥22.3
筋骨止痛膏,舒筋活血，搜风散寒。用于筋骨...,￥18
伤科万花油,清热解毒，祛瘀止血，消肿止痛...,￥4.2
虎力散片,驱风除湿，舒筋活络，行淤，消...,￥18
大七厘片,化瘀消肿，止痛止血，用于跌打...,￥39
筋骨宁搽剂,活血化瘀，消肿止痛，散风祛湿...,￥45.2
阿司匹林肠溶胶囊,本品可以抑制血小板聚集，防止...,￥12
奥沙普秦片中盒,适用于风湿关节炎、类风湿性关...,￥8.9
盐酸纳洛酮注射液,本品是目前临床应用最广的阿片...,￥38
酮咯酸氨丁三醇片,本品适用于需要阿片水平镇痛药...,
尼美舒利片,本品为非甾体抗炎药，仅在至少...,￥4.5
野木瓜片,袪祛风止痛，舒筋活络。用于风...,￥12
骨筋丸胶囊,活血化瘀，舒筋通络，祛风止痛...,
阿司匹林肠溶片,抑制血小板聚成，防止血栓形成...,￥3
清瘟解毒片,清瘟解毒。用于时疫感冒，发热...,￥10
舒筋活血片,适应症：舒筋活络，活血散瘀。...,￥9
布洛芬凝胶,用于缓解局部疼痛如肌肉痛、关...,￥4.6
伤湿祛痛膏,祛风湿、止痛。用于头痛，风湿...,￥15
雪上一枝蒿速效止痛搽剂,舒筋活血，消肿止痛。用于跌打...,￥14
杜仲壮骨丸,益气健脾，养肝壮腰，活血通络...,￥130
参茸壮骨丸,强筋壮骨，祛风散寒，除湿止痛...,￥63.4
甲芬那酸片,用于轻度及中等度疼痛，如牙科...,￥20.3
